,id,username,gender,age,country,ip,online,model
0,01JMTV0RD07H2C0SYJEHCF0EEG,Lotlux,M,40,China,246.220.74.249,188,gamer
1,01JMTV0RD1KT7R9ED50SPYYJ9F,Solarbreeze,F,96,Oman,206.39.45.156,893,boomer
2,01JMTV0RD22T0A497N6JW1WA2P,Flexidy,M,80,Qatar,252.181.153.6,979,boomer
3,01JMTV0RD2J6NZQW6QZG5TZA4A,Voltsillam,M,108,Portugal,210.230.146.108,199,boomer
4,01JMTV0RD3P25R4YKK8AGE8WJM,Vagram,F,90,Argentina,94.160.4.110,812,boomer
5,01JMTV0RD46W5EMSKJYWHEZ9MM,Sonair,F,17,Russia,55.254.105.113,224,gamer
6,01JMTV0RD5DA2T77S68Y3SSCN3,Andalax,F,96,Ukraine,117.223.240.129,55,gamer
7,01JMTV0RD6HH8JCNGY63K130A3,Voltsillam,M,27,Ivory Coast,36.203.222.81,792,gamer
8,01JMTV0RD6YD313RKWSK1E9ZFG,Andalax,F,42,Czech Republic,120.96.65.95,171,gamer
9,01JMTV0RD7ZC73V2X5G8AY9Z5B,Latlux,M,22,Indonesia,117.178.114.68,914,gamer
10,01JMTV0RD87Y350XABY5410K1F,Veribet,M,24,China,146.38.40.128,589,gamer
11,01JMTV0RD9T2JAY9X6PC3EEES0,Voltsillam,M,13,Russia,175.251.85.222,702,gamer
12,01JMTV0RD9PHFTPBGGJB0ZDM2F,Latlux,M,101,China,221.177.243.237,42,gamer
13,01JMTV0RDBPT1G1MH46WTS31KG,Gembucket,F,36,China,45.196.25.134,57,gamer
14,01JMTV0RDCH1MRA29RGD350KF2,Bitchip,F,69,China,111.231.188.42,449,boomer
15,01JMTV0RDDQ6ZZM1BPNNCFSTVN,Cookley,F,61,Malaysia,178.218.36.149,274,boomer
16,01JMTV0RDE58M3MJ6EMTBRYQ8K,Regrant,F,82,China,135.9.30.196,273,boomer
17,01JMTV0RDFG8Y3056VKS64HM0C,Home Ing,M,88,Russia,126.14.211.222,62,gamer
18,01JMTV0RDGGPC2TPQFV36NGBTX,Lotlux,F,43,Japan,222.23.167.90,200,gamer
19,01JMTV0RDH60EYDH1WYG0WY049,Latlux,F,61,Brazil,76.20.99.178,110,boomer
20,01JMTV0RDH09GPT3AMAJR2ZRT1,Redhold,M,41,Philippines,47.41.175.42,620,gamer
21,01JMTV0RDJ2KZTTDKB8SDX6B5M,Tampflex,M,29,Japan,235.71.209.118,94,gamer
22,01JMTV0RDKF9RTZSYB44AX2M9S,Zaam-Dox,M,65,China,104.162.144.218,190,boomer
23,01JMTV0RDMR2VVK2P2WP5XERAP,Quo Lux,M,94,Russia,134.184.64.217,605,boomer
24,01JMTV0RDMPFEAE36DPNCYWDS8,Andalax,M,62,China,224.8.182.158,380,boomer
25,01JMTV0RDNWGDWJDA7G6WS69XX,Aerified,M,97,China,125.206.155.33,494,boomer
26,01JMTV0RDPVKCD8GD9H5V0G2GV,Opela,M,45,Thailand,35.198.111.28,276,gamer
27,01JMTV0RDQ6N4V5KRB2AB4CYAS,Namfix,M,36,China,170.122.222.17,329,gamer
28,01JMTV0RDRKKRDAQAWWNEJWRBZ,Otcom,F,22,Saudi Arabia,39.194.184.242,884,gamer
29,01JMTV0RDRF9Z0XSQJC7HX43YP,Zoolab,F,81,Czech Republic,59.205.84.6,491,boomer
30,01JMTV0RDSZFZ0KRA3NQSATQ8R,Asoka,M,39,Ukraine,221.188.163.101,48,gamer
31,01JMTV0RDTS93WXTRRXG3K73GV,Tin,M,43,Finland,90.45.150.26,222,gamer
32,01JMTV0RDVW1G3WA15G4DKRV7M,Redhold,M,10,Russia,175.246.94.247,249,gamer
33,01JMTV0RDWZD6D53B71KECEV2E,Biodex,F,76,Ukraine,19.68.219.147,1035,boomer
34,01JMTV0RDXA92C2Q280SPJ8R4X,Namfix,M,13,China,169.64.62.195,502,gamer
35,01JMTV0RE1PC1W3478M436XYFY,Fintone,M,51,Indonesia,163.23.101.204,910,boomer
36,01JMTV0RE3EHS9KH4PPQKR9F5C,Quo Lux,M,52,Mali,247.195.205.190,37,gamer
37,01JMTV0RE4WSR671DM5S8R1P25,Veribet,F,90,Indonesia,179.224.132.71,519,boomer
38,01JMTV0RE5RJJ0C04RGE968S0M,Konklab,F,74,China,110.29.153.33,370,boomer
39,01JMTV0RE6EH10XNEZ39FHZWWG,Lotlux,F,42,Yemen,88.106.180.215,210,gamer
40,01JMTV0RE7K1Q7HE3FHVW6E7WS,Viva,M,75,Russia,118.160.74.114,726,boomer
41,01JMTV0RE7Y4S4B72BGC8QVPDH,Tresom,F,16,Brazil,49.218.150.227,213,gamer
42,01JMTV0RE9DH4SW6PEPQVASEF6,Zaam-Dox,F,12,Ukraine,121.175.240.131,674,gamer
43,01JMTV0REAZCSYHRT1A0TWK3W3,Ventosanzap,M,101,Argentina,253.109.227.38,43,gamer
44,01JMTV0RECRDEGJMS4SSEW8J9D,Kanlam,M,52,Palestinian Territory,209.227.103.23,726,boomer
45,01JMTV0REDARJ4MD7X9DF106H4,Rank,F,28,South Africa,2.178.249.83,763,gamer
46,01JMTV0REF1BK1XPP166SZKXJX,Bitwolf,M,65,Indonesia,153.90.196.193,358,boomer
47,01JMTV0REGYK0DXH1J723A4FJE,Wrapsafe,M,94,Oman,137.89.74.178,826,boomer
48,01JMTV0REHCPGJ2RW3TBBH7XEA,Viva,F,24,Ukraine,26.133.163.101,297,gamer
49,01JMTV0REJ23XQFB0WWTAC75JS,Stringtough,M,102,France,43.203.94.75,812,boomer
50,01JMTV0REM1JBMHBQ8YDR198PW,Flowdesk,M,58,Portugal,239.41.166.55,961,boomer
51,01JMTV0REN1H8RW0977GDP5ZXX,Sonair,M,78,New Zealand,178.111.193.237,958,boomer
52,01JMTV0REP89CDN355BM0ADX13,Sonsing,F,26,China,117.38.91.34,588,gamer
53,01JMTV0REPEG41YM2FQQQKFZXQ,Stringtough,M,26,Croatia,120.86.200.162,811,gamer
54,01JMTV0REQ1SW8F3K01NEKVZ52,Tres-Zap,F,75,Indonesia,32.171.191.147,351,boomer
55,01JMTV0RER6W6XC9V8V0W78K9T,Vagram,F,16,Bulgaria,98.187.155.6,857,gamer
56,01JMTV0RER3BZTVFKKATEXGMDJ,Stronghold,F,26,Madagascar,197.248.246.25,305,gamer
57,01JMTV0RESH3METAZ4MTY12KHV,Sonsing,M,68,Indonesia,252.44.86.17,476,boomer
58,01JMTV0RET18HN1AYANQVKR97M,Fintone,F,60,France,51.220.198.132,830,boomer
59,01JMTV0REVG5QHXFHM6B3XXCJT,Pannier,F,70,China,216.204.179.145,749,boomer
60,01JMTV0REV2M2BSF2DQB9XZHKQ,Andalax,M,55,Honduras,227.76.37.136,411,boomer
61,01JMTV0REWJ4A546MZRS55BPTD,Zaam-Dox,F,26,Tunisia,107.216.144.60,409,gamer
62,01JMTV0REX9NJGYMDE35WZRV3M,Bytecard,F,91,Sweden,19.129.125.124,109,boomer
63,01JMTV0REXEA27QAEN1PVVFQ1M,Regrant,M,47,Poland,157.183.125.97,425,gamer
64,01JMTV0REYCJ6BWVB15EWJKNVB,Veribet,F,30,China,62.164.249.94,627,gamer
65,01JMTV0REZX7ECCMZJW9EYQYBE,Pannier,F,108,Portugal,253.96.180.23,181,boomer
66,01JMTV0RF0YXGZYE711JR3RPPK,Aerified,F,61,China,161.74.86.176,608,boomer
67,01JMTV0RF0QNM35YEGCM8XSATR,Greenlam,F,95,Poland,121.147.251.121,876,boomer
68,01JMTV0RF135NGAHQX58XESMBH,Andalax,M,89,Indonesia,18.255.22.138,40,gamer
69,01JMTV0RF21DYXB8DM2MW5AF8C,Toughjoyfax,M,101,Brazil,244.85.65.48,620,boomer
70,01JMTV0RF35GV1220HNYQXHZR5,Daltfresh,M,77,China,128.172.111.4,735,boomer
71,01JMTV0RF4BJD0XAX4W02F7T1Q,Namfix,M,10,Bosnia and Herzegovina,91.81.184.117,968,gamer
72,01JMTV0RF5TYQEMZG6MRWNRA8X,Vagram,F,80,China,52.146.188.68,942,boomer
73,01JMTV0RF5NNC9AZT9R7BZY5VH,Home Ing,F,102,Russia,118.49.191.46,634,boomer
74,01JMTV0RF62Q0YNJFR0XXXZVCV,Alpha,M,53,China,198.68.18.30,422,boomer
75,01JMTV0RF712QAG534ARDPE6W3,Pannier,F,97,Morocco,84.93.9.38,186,boomer
76,01JMTV0RF71ZGF55NMSSVCECSB,Ventosanzap,F,65,Vietnam,117.43.171.100,730,boomer
77,01JMTV0RF8DW8ZFPJG18QSK88Y,Viva,F,88,Sweden,87.183.187.76,597,boomer
78,01JMTV0RF9VSHPAYZ6ZKB3ERY4,Zaam-Dox,F,27,Colombia,104.135.211.148,122,gamer
79,01JMTV0RFAQQ7Y7923ERT74323,Bytecard,M,87,Mexico,54.96.67.21,300,boomer
80,01JMTV0RFABDHXJGZ9ZSB9TZ69,Lotlux,F,77,Brazil,146.193.54.115,32,gamer
81,01JMTV0RFB7PW0H3QF3H29RN9K,Daltfresh,F,51,Indonesia,10.118.28.124,653,boomer
82,01JMTV0RFCFWVEJNKFFXKSC4E6,Veribet,M,27,Vietnam,155.66.6.128,805,gamer
83,01JMTV0RFCS3WRRMAK7TM3A40C,Regrant,F,66,France,248.115.29.144,189,boomer
84,01JMTV0RFDKTQPWPD4R4Q8M7E8,Zaam-Dox,M,87,Indonesia,179.221.36.59,370,boomer
85,01JMTV0RFEKTP61ARM478RWMSC,Wrapsafe,F,57,Colombia,230.198.152.216,227,boomer
86,01JMTV0RFE7KNM5EK2C49NJSNJ,Bytecard,M,10,Thailand,104.173.47.116,518,gamer
87,01JMTV0RFFXAGRTVRBFE1GCV65,Regrant,F,106,Central African Republic,74.175.206.242,362,boomer
88,01JMTV0RFGPS1F90C4WGQNE6Z5,Cardify,F,69,Philippines,215.241.125.211,629,boomer
89,01JMTV0RFGKJXA6Z1CY2X01Q78,Redhold,M,78,Libya,101.92.102.224,823,boomer
90,01JMTV0RFHSNBW6BZ9EE0TKC8R,Hatity,M,68,China,228.157.0.150,850,boomer
91,01JMTV0RFJ91FHDYTWX431BA7N,Opela,M,36,Russia,86.82.0.159,10,gamer
92,01JMTV0RFK1KBGBWSWDZW4AZZ1,Rank,F,60,Costa Rica,27.8.75.196,561,boomer
93,01JMTV0RFKC94FFMJ0K8HC16AF,Flowdesk,F,90,China,58.119.196.106,576,boomer
94,01JMTV0RFMBE5MK97SRDYTXPK0,Subin,F,47,China,154.242.202.56,295,gamer
95,01JMTV0RFNMCAK2YWDAKG4GQ6Z,Rank,M,80,China,128.196.81.84,720,boomer
96,01JMTV0RFPRWSJ1X5ZX7K3TG4M,Stim,M,94,China,147.192.253.223,846,boomer
97,01JMTV0RFPTJXBE7JMWA4TR9KK,Lotstring,F,65,Nigeria,94.236.215.103,391,boomer
98,01JMTV0RFQ5Z9A3V6PA6T9AD73,Lotlux,M,47,Ukraine,123.206.195.23,153,gamer
99,01JMTV0RFQQCT93CY6Y3M0WVAQ,Alphazap,M,71,Brazil,15.255.192.200,908,boomer
100,01JMTV0RFR4M17NB7TC3PGMG5X,Job,F,12,Vietnam,2.78.179.158,998,gamer
101,01JMTV0RFS2GFG6KKAHBJP9XBQ,Toughjoyfax,M,84,Ireland,152.191.166.10,216,boomer
102,01JMTV0RFTYYH2HNV6TJPPG9VH,Job,M,26,Ireland,224.102.31.225,478,gamer
103,01JMTV0RFTQ3SF35Z2S44SWZ51,Bitchip,M,104,Zambia,159.228.150.209,606,boomer
104,01JMTV0RFV66YG4FH4ZRFXXDRM,Alphazap,M,18,Canada,17.177.69.217,765,gamer
105,01JMTV0RFWH8M8K3RW69VKHH7Q,Andalax,M,75,Indonesia,233.186.147.37,23,gamer
106,01JMTV0RFW3XF2QPR9Y8CNQ01G,Y-Solowarm,F,45,Czech Republic,236.50.29.13,345,gamer
107,01JMTV0RFXBHABEJP829WJK4P9,Tres-Zap,M,86,France,125.126.228.210,209,boomer
108,01JMTV0RFY3ZFWEDTXE6Z2QCAA,Asoka,F,78,France,163.140.39.40,426,boomer
109,01JMTV0RFYVTN4TNP9VJ4GFM7M,Span,M,76,Benin,237.12.122.105,437,boomer
110,01JMTV0RFZYX78F5CXN8J1C64W,Trippledex,F,67,United States,187.26.191.14,824,boomer
111,01JMTV0RG05CPECF3WWMCEKT19,Cardify,M,25,Sweden,254.173.152.56,401,gamer
112,01JMTV0RG0BACB6HMRZYKCTJKG,Hatity,F,33,Armenia,82.8.201.84,458,gamer
113,01JMTV0RG14AD8HRCKFRX733BM,Keylex,M,80,Brazil,7.29.162.68,959,boomer
114,01JMTV0RG2JSN3M5P3Q89BW4S9,Zathin,F,10,Portugal,145.99.165.103,745,gamer
115,01JMTV0RG2T3HYCTHZ80QTRRDK,Lotstring,F,71,Germany,70.210.131.159,695,boomer
116,01JMTV0RG3AJAE1CPZJN7A4KP8,Viva,F,21,China,67.56.19.47,107,gamer
117,01JMTV0RG41XCQSFHD447P3ME3,Tempsoft,F,95,Sweden,63.34.177.182,960,boomer
118,01JMTV0RG4QS4KSYJTNT4RKS80,Konklab,M,109,Kazakhstan,168.80.136.113,894,boomer
119,01JMTV0RG5Z9GMV3FQHTG9BWXQ,Job,F,31,Philippines,226.248.18.195,348,gamer
120,01JMTV0RG6XHKFSY5STRKWRXN2,Konklab,M,28,Portugal,252.238.158.70,885,gamer
121,01JMTV0RG6N8N5JS340NCNTRQ5,Gembucket,M,59,Indonesia,209.241.45.21,109,boomer
122,01JMTV0RG7D3F49BX7G5TSDTP1,Stim,M,81,Russia,22.241.151.104,153,boomer
123,01JMTV0RG8S6BWEEMC1M7CGZG3,Duobam,M,102,China,106.246.148.195,18,gamer
124,01JMTV0RG824GMSG1MM56SP8MJ,Redhold,M,47,Indonesia,165.29.6.31,161,gamer
125,01JMTV0RG9P12QR0G6SH8DZNF3,Cardify,M,32,Brazil,88.152.229.68,5,gamer
126,01JMTV0RG9V6DD28B3CTZEPPRF,Biodex,M,71,Finland,181.145.220.134,141,boomer
127,01JMTV0RGAVY7PE68SGBR4QKS5,Cardify,M,24,Russia,118.68.23.10,852,gamer
128,01JMTV0RGBPSG2S20BSQT49ZDD,Alpha,M,70,United Kingdom,232.49.143.185,324,boomer
129,01JMTV0RGBG0D5K7CKBTXA5W4R,Zoolab,F,58,Nigeria,235.144.99.18,752,boomer
130,01JMTV0RGCZEN28AVDPDPESEDJ,Alphazap,M,100,France,0.162.88.255,920,boomer
131,01JMTV0RGDNRF8Q4V1XJHR9N56,Pannier,F,25,Philippines,101.112.134.213,952,gamer
132,01JMTV0RGD3KTKPK8FM41WHQTB,Vagram,M,20,Estonia,194.65.41.204,983,gamer
133,01JMTV0RGEW889PH698KEB773G,Fixflex,F,38,China,218.98.39.253,277,gamer
134,01JMTV0RGFT2CV6Y0ZD8MY3VHQ,Lotstring,F,73,Russia,135.173.101.40,756,boomer
135,01JMTV0RGFBYE9GC06D1CED8TZ,Aerified,F,15,Russia,211.163.34.128,472,gamer
136,01JMTV0RGGEEWMS64BP6RWF88D,Tempsoft,M,14,Croatia,144.237.241.27,808,gamer
137,01JMTV0RGHRZFBNQ8A7V55E8KD,Cookley,M,60,Poland,196.99.15.207,360,boomer
138,01JMTV0RGH2EQFYH77ETHRX492,Opela,F,32,Venezuela,38.16.233.45,781,gamer
139,01JMTV0RGJWQX1A5Y89DVDGQY2,Bytecard,M,54,Indonesia,82.201.164.108,967,boomer
140,01JMTV0RGK1QKX23N058F7V1NS,Mat Lam Tam,F,43,Vietnam,153.246.71.249,398,gamer
141,01JMTV0RGKA4BSQETTBQKD458K,Konklux,M,84,Ireland,110.41.32.201,897,boomer
142,01JMTV0RGMV4ZXT3ZN89M9TPDK,Lotstring,F,89,Philippines,38.164.131.46,320,boomer
143,01JMTV0RGM19WH4MJ8WZ5EBDQQ,Job,M,55,Philippines,185.69.199.157,803,boomer
144,01JMTV0RGN9FRR5J0FC39R566P,Stim,M,96,Indonesia,232.233.126.169,343,boomer
145,01JMTV0RGPJAQQYCG0V09RVQBX,Veribet,F,109,Yemen,22.84.47.199,300,boomer
146,01JMTV0RGPNPPHNF1EP8F6QNES,Fintone,M,48,China,139.180.6.97,819,gamer
147,01JMTV0RGQYJNF81N2SETSRT7R,Fintone,M,12,China,35.92.1.231,513,gamer
148,01JMTV0RGQCYTDBJP6FRJV0TT2,Fixflex,M,101,Thailand,40.71.112.252,622,boomer
149,01JMTV0RGR8CA59TG0CCZ1P8V3,Wrapsafe,M,27,Germany,53.131.198.184,843,gamer
150,01JMTV0RGS71VCNY5VTKJ9HEB5,Aerified,M,107,Philippines,156.42.204.132,7,gamer
151,01JMTV0RGST9CZ0A67XM1XHY20,Daltfresh,F,102,France,69.241.129.158,423,boomer
152,01JMTV0RGTX42MP2DHWX8ETQ1Y,Flowdesk,F,76,Mexico,60.206.38.124,976,boomer
153,01JMTV0RGVV4Z356AB2MVFGJX0,Otcom,M,104,Japan,247.9.209.105,927,boomer
154,01JMTV0RGVYHSQAN3GZY2JFA7D,Sub-Ex,M,75,Czech Republic,11.233.31.230,11,gamer
155,01JMTV0RGW2RZMM54YMCGWY0HS,Y-find,F,19,Philippines,100.90.187.61,703,gamer
156,01JMTV0RGW49VFB6J1SQAGP343,Sonsing,F,84,China,72.145.137.200,914,boomer
157,01JMTV0RGXDVKM77JSDH2F8KB4,Job,F,108,Greece,136.170.59.248,490,boomer
158,01JMTV0RGY3B428J789ZZV3MJ3,It,F,70,China,135.95.86.93,970,boomer
159,01JMTV0RGY221TE922EZS96T38,Namfix,M,66,France,117.71.244.64,142,boomer
160,01JMTV0RGZ908BWVXK8CD3MHR4,Otcom,M,35,Guatemala,121.254.213.120,509,gamer
161,01JMTV0RH035E41RPCSSFHHGXT,Regrant,M,14,Italy,147.179.89.216,259,gamer
162,01JMTV0RH02PS8Y0Y8KT0WM64E,Home Ing,F,87,Netherlands,91.108.137.206,412,boomer
163,01JMTV0RH1V5WBNHACKXWWP5DW,Span,F,88,Portugal,230.176.123.245,436,boomer
164,01JMTV0RH1CCDRYHJ3MT7E6FQD,Tampflex,F,29,Philippines,245.249.102.51,54,gamer
165,01JMTV0RH2TC3SF6Q68CX986GW,Bitwolf,M,43,Greece,247.165.40.72,271,gamer
166,01JMTV0RH3AVX420N4XMGHK46G,Keylex,M,47,Czech Republic,116.198.53.110,697,gamer
167,01JMTV0RH3K8A9V9GB1G6746AZ,Tin,F,78,Poland,189.135.220.200,222,boomer
168,01JMTV0RH4S1BNDTDJ87HQXPSX,Zamit,F,23,Indonesia,157.53.206.243,269,gamer
169,01JMTV0RH52G93RM0ATGPV7N2A,Kanlam,F,62,Slovenia,93.153.66.32,362,boomer
170,01JMTV0RH53D19DA0FG22PXHWQ,Zamit,F,92,Indonesia,133.35.206.67,210,boomer
171,01JMTV0RH6RJRZ1KQ6QPZGWFS4,Y-find,F,83,Poland,103.187.32.89,656,boomer
172,01JMTV0RH6V639JY7R6A9VEGFF,Stringtough,F,75,Poland,199.144.214.168,139,boomer
173,01JMTV0RH75JPAAQ2K9SFZRTPM,Cardguard,M,91,United States,60.250.128.26,603,boomer
174,01JMTV0RH8AR00AAGZ84SEQ5KW,Greenlam,F,55,Philippines,12.136.230.90,235,boomer
175,01JMTV0RH88AD0EG9EBKAZA4HP,Latlux,F,102,Macedonia,42.66.134.180,479,boomer
176,01JMTV0RH91S0VN56K3ZH1M6RT,Veribet,F,54,Ukraine,85.81.68.57,384,boomer
177,01JMTV0RHAWZ9TWSZZESYQB052,Home Ing,F,96,Indonesia,104.123.72.120,949,boomer
178,01JMTV0RHASYMY5KYSVN2HSXP5,Voyatouch,F,68,Belarus,88.77.235.236,223,boomer
179,01JMTV0RHBFZ04VKACFPAVVKBT,Ronstring,M,67,Brazil,187.14.125.94,982,boomer
180,01JMTV0RHCMW9TF6FXR42EPCKE,Cardify,M,71,Ethiopia,211.217.55.39,914,boomer
181,01JMTV0RHC44Y89700DA3JQ3GE,Zoolab,F,79,United States,49.226.62.201,245,boomer
182,01JMTV0RHD02PX3K0TRPRDE6PQ,Lotstring,M,95,Bangladesh,238.206.43.187,279,boomer
183,01JMTV0RHDC8KD13S2H0THNXAT,Opela,F,36,Russia,146.219.139.77,390,gamer
184,01JMTV0RHEMFWCVSJ3GC0GAZJC,Konklab,F,110,Indonesia,114.57.94.61,797,boomer
185,01JMTV0RHF52KW1VS8JQCCGNXX,Quo Lux,F,90,Portugal,24.96.114.208,885,boomer
186,01JMTV0RHF4GCSPZ2S62G0VF4F,Tresom,F,42,Nigeria,151.43.187.250,984,gamer
187,01JMTV0RHG41DK8KKJ8SVRTQ2Q,Alpha,F,23,Russia,46.58.21.106,792,gamer
188,01JMTV0RHHWKQDXEKQMTHW5271,Stim,F,27,Indonesia,125.75.215.74,82,gamer
189,01JMTV0RHHVWJEBM72GQTX1P3Z,Cardguard,F,76,Russia,131.191.16.55,970,boomer
190,01JMTV0RHJJ10SF1S3SCGEKBRZ,Ventosanzap,F,51,Albania,41.152.197.253,470,boomer
191,01JMTV0RHJJA028EEDRNEK5AYT,Toughjoyfax,M,105,Uzbekistan,10.30.19.79,464,boomer
192,01JMTV0RHKFHQ0Q30KAKT07KJY,Aerified,M,25,Germany,94.162.28.93,602,gamer
193,01JMTV0RHMXJVKHQWAXJZXMYGV,Tres-Zap,M,13,Canada,24.10.137.103,906,gamer
194,01JMTV0RHMA99E9Y4CAZ89JGFA,Fixflex,M,59,Croatia,53.102.242.77,148,boomer
195,01JMTV0RHNEGQ7Z6D0FFEQGRD9,Ronstring,F,79,Guatemala,150.67.74.56,624,boomer
196,01JMTV0RHPRDSVHP148239V5MZ,Bigtax,M,69,Brazil,13.180.233.7,670,boomer
197,01JMTV0RHPXYBF1RZXRS41TQ2G,Subin,M,28,Guatemala,182.137.249.84,588,gamer
198,01JMTV0RHQ03CE2VEB21BF6SBC,Hatity,F,103,Japan,131.141.47.2,495,boomer
199,01JMTV0RHQD1XSDXAAP6N5NDX6,Cardguard,F,71,Nicaragua,107.0.46.83,387,boomer
200,01JMTV0RHR9JJ8SJY5NA3Y1TB0,Toughjoyfax,M,30,Poland,197.149.50.57,875,gamer
201,01JMTV0RHSMVPHV5MSTP2B4ZTT,Span,M,54,China,45.241.153.129,536,boomer
202,01JMTV0RHS1DP360EM8R1WJVPD,Biodex,M,85,Greece,194.244.146.219,374,boomer
203,01JMTV0RHTFRJ5AGBF23H6VF7H,Opela,F,101,Portugal,116.30.106.8,943,boomer
204,01JMTV0RHT63ZEQK9399917SBS,Flowdesk,F,86,China,199.117.197.227,969,boomer
205,01JMTV0RHVDMNBJETBK9GYDBD4,Vagram,M,55,Egypt,120.38.250.238,63,gamer
206,01JMTV0RHW6M37VN973AV0HSNV,Viva,M,82,Pakistan,192.56.90.148,858,boomer
207,01JMTV0RHWQ7WPCFE8PDGCZJBT,Lotstring,M,96,Ukraine,212.155.25.194,926,boomer
208,01JMTV0RHX76QWY856RW53E35H,Aerified,M,94,Czech Republic,12.63.46.186,328,boomer
209,01JMTV0RHXCF4XH5WRY34XE843,Sonsing,F,20,Netherlands,164.242.197.170,711,gamer
210,01JMTV0RHYMYK7XC2C6G27GVX9,Stringtough,M,22,Russia,14.57.67.38,902,gamer
211,01JMTV0RHZEWG3W4X0DN40AVH7,Bitwolf,F,80,Philippines,132.211.213.42,48,gamer
212,01JMTV0RHZC4T3QBW6X72QMW5X,Gembucket,F,45,Armenia,166.74.155.171,497,gamer
213,01JMTV0RJ0TGG2AW4B9ANJ3Q4S,Daltfresh,F,20,China,171.204.206.239,341,gamer
214,01JMTV0RJ131DZPBHM8KX2VY9V,Regrant,M,80,Ghana,9.113.202.130,473,boomer
215,01JMTV0RJ1Y41EBH4SF63EBDS3,Zathin,M,48,Egypt,96.245.48.38,257,gamer
216,01JMTV0RJ2GDDR6ZPC07MSF2T4,Sub-Ex,M,51,China,237.147.18.184,306,boomer
217,01JMTV0RJ2WYWRZWJV0ZYVZP9Y,Alphazap,F,68,China,34.0.124.250,912,boomer
218,01JMTV0RJ37XA8GG3VDK8G9WN6,Wrapsafe,M,106,China,230.139.33.15,891,boomer
219,01JMTV0RJ43BSKDHGP4FKHBC76,Cookley,F,76,Sweden,30.131.85.211,210,boomer
220,01JMTV0RJ4MKR2KG7YBDBB13A1,Transcof,M,13,Brazil,124.65.167.82,18,gamer
221,01JMTV0RJ586E9DYCB8VN8KX2G,Fix San,M,97,China,72.15.119.202,111,boomer
222,01JMTV0RJ52ACG11DSQXQ7H808,Home Ing,M,28,Philippines,134.153.151.61,235,gamer
223,01JMTV0RJ6Y119W06222XHY65C,It,F,21,France,234.5.207.137,926,gamer
224,01JMTV0RJ7VENXPWMAP30WXZ2B,Zontrax,M,75,Morocco,236.90.188.198,67,gamer
225,01JMTV0RJ7R3F2ND9ZNWH677H2,Bitwolf,M,74,Philippines,74.78.155.148,908,boomer
226,01JMTV0RJ8WA506S8GR7SJBFKT,Stronghold,F,10,Finland,222.61.182.254,741,gamer
227,01JMTV0RJ8RCWVRERHTFC9H494,Duobam,F,23,China,229.0.220.212,170,gamer
228,01JMTV0RJ9XBNBRBVNHPXR6T9H,Tampflex,M,20,United States,123.91.245.216,92,gamer
229,01JMTV0RJA7NG093JSH9772M3R,Lotlux,M,27,Japan,102.62.163.113,762,gamer
230,01JMTV0RJABR0F2C38JR4NXM0G,Biodex,M,46,China,173.197.195.123,683,gamer
231,01JMTV0RJB13WCBSMN01JBGW4K,Cookley,F,99,China,74.185.185.222,266,boomer
232,01JMTV0RJCYRY42C769R8S9T27,Regrant,M,98,United States,48.45.238.130,42,gamer
233,01JMTV0RJC2SN373V7MWYZ112E,Sonsing,F,91,Poland,116.237.53.154,192,boomer
234,01JMTV0RJDR883252GATY44CR0,Vagram,F,97,Peru,47.220.252.207,615,boomer
235,01JMTV0RJERE5PMXYRMZ3DYHA6,Toughjoyfax,M,109,China,126.26.239.132,374,boomer
236,01JMTV0RJFV2T24KZPRA31KH4K,Zamit,F,23,Azerbaijan,240.210.239.117,590,gamer
237,01JMTV0RJFP4R61N3316SB17X8,Bigtax,M,51,China,114.189.88.178,947,boomer
238,01JMTV0RJGYSXXJ1JDRHNDYZYT,Bamity,M,37,Iran,66.53.19.179,720,gamer
239,01JMTV0RJHTJ7THB4PGE3XRZXE,Aerified,M,48,Albania,154.175.48.86,830,gamer
240,01JMTV0RJHKZ42S6CMVCNJE1EZ,Bitchip,M,56,China,15.125.69.139,699,boomer
241,01JMTV0RJJEHCJJRV8Q5904QJN,Bigtax,M,51,Macedonia,87.58.202.213,209,boomer
242,01JMTV0RJK2F8KQ0ETMVKRV4AW,Y-Solowarm,M,18,Sweden,85.62.82.115,217,gamer
243,01JMTV0RJKKTP7K4PBQ4YCRM69,Namfix,F,104,Bulgaria,75.71.39.199,631,boomer
244,01JMTV0RJMMZPK72HCED8SQCH0,Y-Solowarm,M,86,Peru,75.206.242.68,379,boomer
245,01JMTV0RJMPWVVJV9P00J48BJA,Redhold,M,57,Portugal,65.227.199.224,191,boomer
246,01JMTV0RJN73EW6DM96F626NES,Fixflex,M,88,Japan,190.111.35.40,145,boomer
247,01JMTV0RJPHCK16V367R6DH059,Sonair,F,85,China,195.31.45.126,476,boomer
248,01JMTV0RJPXAW4AHKETT8NZPJM,Subin,M,35,China,181.68.95.180,226,gamer
249,01JMTV0RJQ6WEDDK0D43E7CEWZ,Lotlux,F,16,China,115.183.24.96,388,gamer
250,01JMTV0RJQPFXNCQB1E8ZNSCSD,Keylex,F,109,Moldova,192.1.55.22,890,boomer
251,01JMTV0RJRCXZVZ0B26TFKCH04,Transcof,M,48,China,84.162.62.134,609,gamer
252,01JMTV0RJSJYFZC1X97KGS3ZP1,Fix San,F,17,Indonesia,97.230.234.166,257,gamer
253,01JMTV0RJS4VX18EE7G266R58H,Voltsillam,F,53,Indonesia,5.162.128.52,121,boomer
254,01JMTV0RJTAB68BBFER1AW3ERV,Flowdesk,M,73,China,178.24.143.2,662,boomer
255,01JMTV0RJTF08351WA4Z0KB17A,Asoka,M,72,Philippines,28.44.95.242,147,boomer
256,01JMTV0RJV2XSW0M5DBVCGYJZZ,Flexidy,M,35,Indonesia,151.74.238.30,199,gamer
257,01JMTV0RJW5MCP4YXETPBJGTHX,Bigtax,M,46,Indonesia,223.23.161.109,268,gamer
258,01JMTV0RJWDD8CTEDEEGPGSHY5,Keylex,M,105,Ukraine,249.244.11.232,582,boomer
259,01JMTV0RJXYY3V00EG3VRV63YB,Bigtax,M,14,China,245.233.192.45,102,gamer
260,01JMTV0RJX2XMKZ55T616BZ71X,Konklux,F,35,Japan,239.38.98.242,55,gamer
261,01JMTV0RJYE6C774BAN9422GRT,Kanlam,M,45,China,123.6.169.125,841,gamer
262,01JMTV0RJZ9TTX5MDMF116R54H,Keylex,F,73,Vietnam,161.80.129.98,239,boomer
263,01JMTV0RJZM3C6733AX48AK7F9,Bamity,F,54,China,58.181.19.111,965,boomer
264,01JMTV0RK0RRK1K1R7H0BDAFMW,Zontrax,M,37,Philippines,117.233.11.230,991,gamer
265,01JMTV0RK0WC0MRQRDRMDESWG0,Ventosanzap,M,83,China,187.102.167.198,211,boomer
266,01JMTV0RK1G4C1NPWASZ9DA1F9,Veribet,F,26,Indonesia,87.223.9.172,153,gamer
267,01JMTV0RK25FHYRM8CN48SXVFC,Job,F,29,Poland,166.48.212.97,758,gamer
268,01JMTV0RK2MECRTDT8QZEMSF1M,Voltsillam,F,55,Poland,165.202.80.157,592,boomer
269,01JMTV0RK3QAMEAMXZZYZ117GD,Stringtough,M,54,Finland,220.216.240.230,722,boomer
270,01JMTV0RK4Q7R9NQQFJT5HWMRG,Trippledex,F,70,Greece,245.75.191.5,897,boomer
271,01JMTV0RK4A57BG22VBC9YYHK3,Cardify,M,52,Brazil,110.52.12.34,115,boomer
272,01JMTV0RK5PM01Y26NJYTWYQGW,Bitchip,M,84,Indonesia,47.102.236.17,435,boomer
273,01JMTV0RK6WG7ES21JDHTG3BNE,Bytecard,F,15,China,93.221.141.80,301,gamer
274,01JMTV0RK6KHC6CCGDMWG7XXVF,Opela,F,78,Peru,138.225.108.85,215,boomer
275,01JMTV0RK7HTYWKZTT1GZRK42K,Toughjoyfax,M,80,Indonesia,214.195.176.68,572,boomer
276,01JMTV0RK8M17XQXZXSGT0VXH0,Zaam-Dox,M,72,China,82.50.74.173,209,boomer
277,01JMTV0RK8CJH4AECWNXQ8308V,Aerified,F,31,Tunisia,152.196.94.120,309,gamer
278,01JMTV0RK9ZDF3KRP0JR3M4XM0,Holdlamis,F,32,United States,222.122.93.228,667,gamer
279,01JMTV0RK9BB75NSYNCQETTDXP,Rank,F,16,Armenia,146.45.184.162,769,gamer
280,01JMTV0RKA624ARP804QWCRR7H,Matsoft,M,88,Sweden,227.132.51.133,555,boomer
281,01JMTV0RKBMMF86QS9Z86ZPVPD,Bigtax,F,46,Indonesia,144.23.199.220,653,gamer
282,01JMTV0RKBP98X4N7MC6RR8266,Matsoft,F,70,China,162.214.92.151,763,boomer
283,01JMTV0RKC6E4CRNG97K15JYXX,Ventosanzap,F,100,Costa Rica,151.225.66.241,961,boomer
284,01JMTV0RKDXSGJTYNHSYYX0JJR,Bamity,F,51,Indonesia,129.216.216.178,245,boomer
285,01JMTV0RKDDD1HQ0ZXKAPS2MWQ,Viva,M,13,Philippines,206.120.247.228,620,gamer
286,01JMTV0RKE3SR2ZDQNT120VPGE,Tres-Zap,M,100,Portugal,186.195.227.90,42,gamer
287,01JMTV0RKEN5AZFFAZ9MMRY9RK,Holdlamis,M,40,Lithuania,242.109.55.121,977,gamer
288,01JMTV0RKFHTDSA7PVT79414V7,Zamit,M,79,Indonesia,153.147.202.254,960,boomer
289,01JMTV0RKGKDKB8136HFZKSB52,Tresom,F,37,Iran,58.154.101.37,748,gamer
290,01JMTV0RKGZ03X2F138XW2ZBNN,Andalax,M,108,Brazil,14.123.140.30,882,boomer
291,01JMTV0RKHNC32SBX43P1JZXXD,Konklux,F,84,France,192.196.40.90,444,boomer
292,01JMTV0RKHSS4R63SP0M0TNRBA,Bitwolf,M,41,Russia,23.94.232.144,397,gamer
293,01JMTV0RKJS1Z4NC8D184PAA19,Fixflex,F,70,Reunion,213.63.240.39,971,boomer
294,01JMTV0RKKJ6TXV3SAA7NG3GQX,Toughjoyfax,F,33,Portugal,17.31.93.164,599,gamer
295,01JMTV0RKKK2YWAYKAV742T3HT,Toughjoyfax,M,20,China,233.27.134.55,215,gamer
296,01JMTV0RKM6NM3KCMCCMENV9NZ,Span,M,70,Syria,206.104.99.168,976,boomer
297,01JMTV0RKMB8E5T87E90384HEX,Lotlux,M,56,China,235.167.149.74,649,boomer
298,01JMTV0RKNW7YWA2J6FFFW4RSR,Cardify,F,108,Philippines,166.120.163.186,855,boomer
299,01JMTV0RKP0JS2Z31BYJCCEN5K,Tampflex,M,105,Albania,23.196.224.114,715,boomer
300,01JMTV0RKPTN719TTKZTESG3JP,Domainer,F,81,Russia,26.1.68.126,525,boomer
301,01JMTV0RKQVRNWTHCB6ZY1HF3X,Fix San,M,96,Brazil,122.191.241.99,33,gamer
302,01JMTV0RKR2CWGE512FTS3YR6R,Pannier,M,78,South Africa,33.227.235.184,604,boomer
303,01JMTV0RKR7JMSASBMVJ0QRD25,Fixflex,M,29,China,105.189.87.96,825,gamer
304,01JMTV0RKSFC9TW2ZSN578FN4V,Gembucket,F,39,Portugal,8.4.56.211,231,gamer
305,01JMTV0RKS5N43GCABRQJFPTED,Temp,M,68,Slovenia,65.2.196.169,527,boomer
306,01JMTV0RKTPNC133S41NG4PXXP,Pannier,F,31,Vietnam,62.50.17.14,415,gamer
307,01JMTV0RKVN15C0JJVYNPNZ1YZ,Opela,M,32,Sweden,105.224.27.3,897,gamer
308,01JMTV0RKV74T4794KRK7WA0FC,Sub-Ex,M,107,Croatia,6.252.111.189,377,boomer
309,01JMTV0RKW9VV6S606JW7GP92M,Konklab,F,82,Thailand,111.139.151.112,652,boomer
310,01JMTV0RKWK0FHFGX1DT2E20KF,Biodex,M,12,Poland,241.126.238.98,238,gamer
311,01JMTV0RKXS6PJDZC4ZY2A1Z6J,Quo Lux,M,64,Sweden,161.180.254.194,28,gamer
312,01JMTV0RKY3VE1C6Y9NX2M2QWZ,Namfix,M,34,Denmark,101.75.167.127,928,gamer
313,01JMTV0RKYPSPMEBB6TG34Y99C,Matsoft,F,18,El Salvador,191.33.207.192,374,gamer
314,01JMTV0RKZNS1Y8Z5TGRPZ2E3G,Toughjoyfax,M,52,Sweden,168.131.60.73,252,boomer
315,01JMTV0RKZ2FEJVY7WEM2CWNF8,Biodex,F,78,China,149.28.135.20,751,boomer
316,01JMTV0RM01SD8GFCXDMCDJ32H,Bytecard,M,85,Estonia,54.185.204.16,241,boomer
317,01JMTV0RM1MYXAPCJHQ3W898TZ,Zontrax,M,54,China,250.207.163.227,860,boomer
318,01JMTV0RM1DC0MN7934TCPTAYD,Job,M,22,Poland,140.122.76.41,208,gamer
319,01JMTV0RM2BM8MSKE3EJ36CZRS,Trippledex,F,103,China,219.24.84.64,777,boomer
320,01JMTV0RM3K0Y2WSVW1AD5D0R8,Gembucket,F,11,Bahrain,240.103.177.238,561,gamer
321,01JMTV0RM3MHTYGFJ47BJC9NC2,Prodder,M,47,Panama,70.138.136.169,328,gamer
322,01JMTV0RM4G0ANPKA85Q82BX40,Hatity,M,97,Indonesia,89.144.50.232,328,boomer
323,01JMTV0RM5M6QQG7X0T9M3KZDM,Voyatouch,F,62,Netherlands,61.252.169.60,235,boomer
324,01JMTV0RM524YMDKG983NJHJ9W,Wrapsafe,M,35,Ukraine,157.30.126.91,84,gamer
325,01JMTV0RM65BBR5SXF1JG1XX46,Zoolab,F,19,Russia,185.174.99.19,56,gamer
326,01JMTV0RM6SZ82J4QNVD2Z5ERQ,Span,F,74,Czech Republic,187.143.15.199,314,boomer
327,01JMTV0RM7GB76QDB9AV2KBZK9,Zathin,F,73,Indonesia,242.41.180.52,344,boomer
328,01JMTV0RM81CJGVAAP0CYWTMCS,Opela,M,46,Poland,137.21.221.50,209,gamer
329,01JMTV0RM8RTA36VQGT7CT3EDJ,Asoka,M,81,China,154.174.81.219,936,boomer
330,01JMTV0RM98SNYYQ90RP4F964D,Rank,F,14,Poland,231.171.136.228,826,gamer
331,01JMTV0RM94841YAHKXQ3YG6YZ,Home Ing,M,43,Bangladesh,124.207.19.76,618,gamer
332,01JMTV0RMA56904Q7CSQJA24FP,Asoka,M,107,Russia,177.181.235.95,352,boomer
333,01JMTV0RMB68V0F0EZHMDJGXGP,Opela,F,64,Portugal,248.22.137.15,738,boomer
334,01JMTV0RMBSWJ2NT65C33S0F2S,Treeflex,M,97,China,49.48.138.224,882,boomer
335,01JMTV0RMC5FVY6R9Q49NK0K83,Voyatouch,M,91,China,179.97.202.88,268,boomer
336,01JMTV0RMC3PBR0PKE1K8SXCDV,Tempsoft,F,37,Indonesia,124.52.72.40,729,gamer
337,01JMTV0RMDNQ6X2G7XBXX22PMZ,Tresom,M,70,Thailand,207.110.171.134,547,boomer
338,01JMTV0RMEENF0XN0ME4X9K0NP,Mat Lam Tam,M,33,Thailand,132.57.176.109,452,gamer
339,01JMTV0RME0ZYDMSP8W22P5CHW,Tres-Zap,F,13,Macedonia,21.189.6.6,785,gamer
340,01JMTV0RMFCYSHBGKYPMM2N301,Andalax,F,60,China,110.138.41.109,728,boomer
341,01JMTV0RMFQHQXR9AKZZ8P310S,Y-Solowarm,F,104,Sweden,18.122.136.129,394,boomer
342,01JMTV0RMG6VXR5KAEJJG164TE,Y-find,F,62,Nigeria,114.78.76.155,294,boomer
343,01JMTV0RMHTXV00W9PGCJG53VP,Toughjoyfax,F,16,China,128.56.163.104,381,gamer
344,01JMTV0RMHMVJ22XM631FY91RR,Otcom,F,74,Nigeria,37.76.66.251,338,boomer
345,01JMTV0RMJG1C7TXXY0DNC0ZQG,Rank,M,24,Hungary,145.165.220.120,660,gamer
346,01JMTV0RMJK64EHPXT2DWWYS6T,Flexidy,F,75,Russia,60.87.88.49,391,boomer
347,01JMTV0RMKF3KTDHZT5P320P8B,Otcom,M,76,Greece,47.111.205.204,392,boomer
348,01JMTV0RMMW5Q1SETEPZNJ5SFD,Daltfresh,M,57,United States,207.187.139.173,318,boomer
349,01JMTV0RMMP437KEEZ4AGYHDHZ,Sub-Ex,M,11,Colombia,21.99.97.60,498,gamer
350,01JMTV0RMNQ6YH53SKGCHEK0FT,Stronghold,F,34,Pakistan,236.200.4.0,24,gamer
351,01JMTV0RMP6RN1R2MN531PSQFV,Keylex,M,35,Argentina,117.32.69.119,809,gamer
352,01JMTV0RMPBJEDDNF7TZGYW2HY,Zathin,M,69,Brazil,180.227.207.247,616,boomer
353,01JMTV0RMQX5EP5XX33VREXB89,Ronstring,F,63,China,16.161.182.234,933,boomer
354,01JMTV0RMQNYQC6A43NNM0F4NV,Fintone,F,64,Russia,92.63.125.189,890,boomer
355,01JMTV0RMR51VAQZP3STFSC4RS,Alphazap,F,28,Czech Republic,135.180.176.94,487,gamer
356,01JMTV0RMSSPPC39M046M63M1H,Latlux,M,75,Indonesia,230.240.167.14,859,boomer
357,01JMTV0RMSDQ1FXMXDX3CKA7YQ,Zathin,M,15,Philippines,22.145.19.196,439,gamer
358,01JMTV0RMTEYFZGXYB9C1CR3DR,Konklux,M,81,Ireland,80.102.196.102,210,boomer
359,01JMTV0RMT78HH6CKBSW2SFKFT,Holdlamis,F,101,Afghanistan,74.128.237.224,515,boomer
360,01JMTV0RMVGKS4TVWNN5R4QQH4,Regrant,M,20,Portugal,195.98.50.99,256,gamer
361,01JMTV0RMW52QRT49QVDT91639,Aerified,M,105,Indonesia,100.44.51.151,58,gamer
362,01JMTV0RMWQPG0WY23M49Q6EYD,Daltfresh,M,67,Philippines,239.108.182.116,889,boomer
363,01JMTV0RMXK4A6KB6NNKFXCMJW,Ronstring,F,89,Nicaragua,156.125.170.176,954,boomer
364,01JMTV0RMXATQQBWA7QQAQFQMB,Zamit,F,106,South Africa,100.3.28.72,234,boomer
365,01JMTV0RMYZ4JBZ3E1GQV78Z9X,Prodder,F,56,Uganda,43.108.75.121,12,gamer
366,01JMTV0RMY78XDT838JW3M3FT2,It,M,103,Indonesia,216.43.105.115,440,boomer
367,01JMTV0RMZZGG23CCY9C2E13T4,Kanlam,F,29,Brazil,18.230.62.46,597,gamer
368,01JMTV0RN0VJQ4BWP5CTZ4SD8F,Opela,F,66,Brazil,248.188.18.89,881,boomer
369,01JMTV0RN0MVXTAMDXN4NZ8SJR,Voltsillam,M,110,Belarus,240.29.252.71,534,boomer
370,01JMTV0RN15CWM8MY37ZBQR3ZN,Cookley,M,11,Israel,16.117.90.207,83,gamer
371,01JMTV0RN2X820KFJVNFDGANXR,Alphazap,M,44,Philippines,95.39.108.229,703,gamer
372,01JMTV0RN2PKVN49ZT02P0WGST,Rank,F,92,Philippines,33.198.234.200,540,boomer
373,01JMTV0RN3BNV8M838SNR3RD6K,Prodder,F,107,Malaysia,63.106.18.85,244,boomer
374,01JMTV0RN4T2M3V2F7TGJ0NFRK,Asoka,M,88,Russia,137.226.72.90,995,boomer
375,01JMTV0RN4BYPTB4NH1ECJ1924,Holdlamis,F,76,Poland,67.134.171.247,985,boomer
376,01JMTV0RN525FWJQSANPEWBX7E,Bamity,F,19,Philippines,76.123.252.252,406,gamer
377,01JMTV0RN507HDPNN88K2768FC,Stringtough,M,29,United States,254.198.13.64,360,gamer
378,01JMTV0RN6RRQP13JCQTT61VCS,Veribet,F,105,Sweden,113.109.129.202,875,boomer
379,01JMTV0RN6MYXD7HQR4T18XX78,Bitchip,M,86,Brazil,238.237.39.11,202,boomer
380,01JMTV0RN73B8DJRVJ0M0X1Z41,Stim,M,10,Norway,214.62.150.250,739,gamer
381,01JMTV0RN85Y70ZNRGNFWXW8RE,Voyatouch,F,12,Indonesia,138.149.71.246,552,gamer
382,01JMTV0RN883ZW4ZA9ERYR86ZG,Tampflex,M,55,Montenegro,227.74.69.24,715,boomer
383,01JMTV0RN9XHTQXEXQ55F0X8FQ,Tresom,F,23,Russia,206.92.245.58,39,gamer
384,01JMTV0RNA6K110CP11CBVKJ1P,Sonsing,F,57,Peru,29.177.111.164,407,boomer
385,01JMTV0RNARVMRP44J93A80RYG,Alphazap,M,21,Brazil,196.33.103.252,203,gamer
386,01JMTV0RNBFM4QV6KHMMEWNPMD,Namfix,F,68,Thailand,62.176.93.26,662,boomer
387,01JMTV0RNBDQHW4TESH66KZBQ4,Stringtough,F,104,Finland,28.20.206.14,829,boomer
388,01JMTV0RNC64WBAHDHCAEK31X8,Overhold,F,39,Russia,202.86.75.198,657,gamer
389,01JMTV0RNDMS6VZG7NNPZRQGYE,Zathin,F,31,Estonia,65.122.27.80,791,gamer
390,01JMTV0RNDETXKM8EZWYNT900B,Zamit,F,87,Bolivia,48.186.209.194,781,boomer
391,01JMTV0RNET80CC5N2Z13B21Q1,Solarbreeze,M,22,United States,207.118.110.18,522,gamer
392,01JMTV0RNFH2WMXAFDAJQEG98J,Pannier,M,102,Indonesia,56.24.136.85,301,boomer
393,01JMTV0RNF5R9MVQ5V2FG3J980,Alphazap,M,72,Indonesia,206.85.125.114,588,boomer
394,01JMTV0RNGDGQ7BCWSRTP1Q04T,Greenlam,M,88,Tunisia,224.159.176.223,443,boomer
395,01JMTV0RNGGR1DWZC4ZNX2GC47,Fintone,M,10,Guatemala,78.228.146.110,871,gamer
396,01JMTV0RNHGEF22H7X8WJW2BC6,Bamity,F,73,Ukraine,102.138.233.213,977,boomer
397,01JMTV0RNJEC3JZFCJN4JX5WS9,Redhold,F,97,China,205.48.72.149,932,boomer
398,01JMTV0RNJXN0JRGZ4CJ6BV5A4,Job,F,10,Czech Republic,39.45.74.6,783,gamer
399,01JMTV0RNKADPW8WKXMB28AVZ0,Stim,F,38,Indonesia,54.54.175.170,446,gamer
400,01JMTV0RNKTN8XY3HMM2CGTA6Z,Bytecard,F,74,Poland,200.214.174.26,263,boomer
401,01JMTV0RNMQWDY1T0ZMT0GEYWR,Fintone,M,56,Norway,114.209.54.168,367,boomer
402,01JMTV0RNNW9CWQ01Z36WF6PMA,Greenlam,F,86,China,244.175.212.126,336,boomer
403,01JMTV0RNNZKQZQWBDRYYD09Q5,Zoolab,F,57,Philippines,169.92.252.150,841,boomer
404,01JMTV0RNPNQ9CEBKAVD9H4MJR,Tres-Zap,F,21,Indonesia,75.185.186.15,235,gamer
405,01JMTV0RNPZCPT0HJ4EHHRYT59,Vagram,M,12,China,164.252.216.31,826,gamer
406,01JMTV0RNQMQQTM78B38SVWWPZ,Stim,F,82,China,166.169.29.153,398,boomer
407,01JMTV0RNR8RFV6Y3HHQVZMWBZ,Toughjoyfax,M,77,Poland,234.242.172.47,497,boomer
408,01JMTV0RNRFJ0G33KDR8CAWFSA,Sonsing,F,65,Russia,58.31.65.162,759,boomer
409,01JMTV0RNS16KHY8040466VF5W,Y-Solowarm,M,71,Colombia,236.208.120.193,720,boomer
410,01JMTV0RNSQ6S1TES9C77MYBTA,Voyatouch,M,109,Russia,11.89.246.141,900,boomer
411,01JMTV0RNTSXHE20HDW9WHY1K5,Sonsing,M,59,China,179.196.110.22,247,boomer
412,01JMTV0RNT73VVM37AS7KG7HJ9,Zamit,M,105,Indonesia,173.146.200.252,950,boomer
413,01JMTV0RNV9A8Z8D0GCA955V3T,Cardguard,F,88,China,224.140.58.183,676,boomer
414,01JMTV0RNWZG69SGMKXW2BABEE,Aerified,F,46,Ukraine,4.18.182.243,282,gamer
415,01JMTV0RNWMEWHYE7XHJJCB0N3,Alphazap,F,25,Vietnam,19.151.143.194,902,gamer
416,01JMTV0RNX7KTD1YNEC3MVDR8D,Daltfresh,F,69,United States,96.179.204.157,232,boomer
417,01JMTV0RNYPFP4NNNTBSH7TY0W,Lotstring,M,25,China,194.229.75.248,365,gamer
418,01JMTV0RNY84AE7VAEBC68QKH1,Solarbreeze,F,25,Indonesia,234.122.209.162,668,gamer
419,01JMTV0RNZRMPHEZQKK9QX3BP8,Zamit,M,17,China,166.52.158.97,973,gamer
420,01JMTV0RNZ2WDKGTSC01MXG25T,Stringtough,M,64,Colombia,127.162.216.67,233,boomer
421,01JMTV0RP0SBD03JDGKK3Z4W28,Sub-Ex,F,107,China,154.206.154.203,609,boomer
422,01JMTV0RP1KC98VXDTPGJX7G2Z,Biodex,M,92,China,216.200.11.42,638,boomer
423,01JMTV0RP17VW65BYWTNJ00R5H,Wrapsafe,F,71,France,195.26.123.61,504,boomer
424,01JMTV0RP2M1DFCRBM9A6NNKZN,Subin,F,66,Czech Republic,165.255.187.148,320,boomer
425,01JMTV0RP3HPG7MNHQNVPEBSX2,Zamit,F,58,Philippines,171.45.148.102,561,boomer
426,01JMTV0RP3HNZQ2DK7VQ86KZ3J,Konklux,F,57,Peru,247.120.114.205,357,boomer
427,01JMTV0RP4NYT1ET6HA3WWQ508,Ventosanzap,M,106,United States,200.98.217.35,153,boomer
428,01JMTV0RP5RW4CG55CDBQ93EE2,Namfix,M,34,Peru,0.173.23.241,999,gamer
429,01JMTV0RP5PA3BF7JE3F85W0QD,Bigtax,M,105,France,149.190.4.125,810,boomer
430,01JMTV0RP68AX090KNE7ZG6XCP,Stronghold,M,106,Japan,203.57.27.196,830,boomer
431,01JMTV0RP72Q692G4ACFN7E3M9,Subin,M,110,Philippines,10.163.186.101,120,boomer
432,01JMTV0RP7RY0YX0T0AT5ZFD6R,Cookley,M,58,Poland,195.202.104.120,680,boomer
433,01JMTV0RP8G83VMTEREMVVSE41,Sub-Ex,M,71,Afghanistan,251.156.246.193,189,boomer
434,01JMTV0RP8W89PWNQWCB1JN1MW,Subin,M,50,Belarus,2.120.242.189,8,gamer
435,01JMTV0RP9R9A1SVW7X8T5KDWJ,Bitchip,F,39,China,245.224.7.138,244,gamer
436,01JMTV0RPA7VSXG5PBTQCP7SSS,Bytecard,M,25,Australia,224.234.250.157,626,gamer
437,01JMTV0RPAK2M4NQGN4WGW6571,Aerified,M,76,Thailand,215.85.254.151,78,gamer
438,01JMTV0RPBS2VH1A0BPKKNRAVM,Cardguard,M,20,Portugal,228.198.16.80,71,gamer
439,01JMTV0RPBDHYFMDQRAWX5STZG,Home Ing,M,76,France,223.172.46.93,706,boomer
440,01JMTV0RPCKM5Q3ART2Y8VB4MB,Bitchip,M,58,Philippines,21.116.234.246,458,boomer
441,01JMTV0RPDVQ2KX3J93SRGD78Q,Cardguard,F,83,Indonesia,212.35.167.43,558,boomer
442,01JMTV0RPDX8VFRD7Q2ZHW18ZG,Temp,F,30,Russia,69.206.43.76,513,gamer
443,01JMTV0RPEJEXPNS9H5G9S4V9V,Zontrax,F,97,Czech Republic,24.72.217.109,637,boomer
444,01JMTV0RPES584R3TYZYSATNYR,Tempsoft,M,51,Philippines,198.98.157.59,500,boomer
445,01JMTV0RPFAM7W4XFNK2Z18TS7,Duobam,M,28,Moldova,165.130.40.238,627,gamer
446,01JMTV0RPGQTTTJA4FFGMXZZQM,Quo Lux,F,105,Indonesia,108.85.151.18,125,boomer
447,01JMTV0RPG796DCE9581MJS0J9,Holdlamis,M,43,Indonesia,232.156.116.230,425,gamer
448,01JMTV0RPHXZ3RCAXYZK8KV13N,Stringtough,M,20,Ukraine,28.47.153.111,465,gamer
449,01JMTV0RPJDD12CY2ND0HQNZJY,Flowdesk,M,97,Luxembourg,16.81.24.55,968,boomer
450,01JMTV0RPJWNC23K4QRN6GF492,Subin,F,58,Finland,214.52.118.243,792,boomer
451,01JMTV0RPK376JG200KJNNR8N2,Tempsoft,F,89,France,229.34.252.125,812,boomer
452,01JMTV0RPMGWREA31Z3C4NN05S,Matsoft,M,65,Venezuela,128.164.170.224,574,boomer
453,01JMTV0RPMDEZV0VQSPH8NZ6FH,Zathin,M,103,Argentina,152.222.213.133,299,boomer
454,01JMTV0RPNZP53SS0TVR2N69Z9,Regrant,M,30,France,128.230.229.48,903,gamer
455,01JMTV0RPPTNKBWF7FHV4TM815,Tresom,F,89,Philippines,97.125.25.115,383,boomer
456,01JMTV0RPPGC66AC4AJPGXAEQP,Y-find,F,74,New Zealand,160.86.163.66,193,boomer
457,01JMTV0RPQBFRQY42VZ7QJEAEK,Bamity,M,95,France,213.71.199.169,314,boomer
458,01JMTV0RPRABRZTDYPAND96VHF,Vagram,M,79,Indonesia,164.230.216.86,332,boomer
459,01JMTV0RPR1VN2CJK3KHWPTJAX,Domainer,F,41,France,16.71.187.164,789,gamer
460,01JMTV0RPSVNGDJWXBVDDAZ41F,Treeflex,F,100,Argentina,19.196.120.189,185,boomer
461,01JMTV0RPT4B36TKDMWE137PGK,Quo Lux,F,32,Mexico,84.26.85.19,707,gamer
462,01JMTV0RPT0EM0ZBRSXZDPFYMD,Sonair,F,60,Indonesia,54.194.150.231,627,boomer
463,01JMTV0RPV2F5MHP054GQ9AADS,Kanlam,M,12,New Zealand,232.38.189.15,859,gamer
464,01JMTV0RPV1PWX5P64JSCBTH8R,Duobam,M,107,China,104.159.94.190,130,boomer
465,01JMTV0RPWR92BCF88PWBRA7A4,Asoka,M,45,Peru,109.255.74.84,440,gamer
466,01JMTV0RQBC1JWX2BV5DQ11JP7,Sonsing,M,81,Thailand,146.250.137.85,478,boomer
467,01JMTV0RQD38MZM34QPTZ7G6P6,Veribet,F,25,Indonesia,71.223.94.77,860,gamer
468,01JMTV0RQE04VCHNVBH2P5GXH4,Job,F,89,Ukraine,17.5.74.199,558,boomer
469,01JMTV0RQEVS9AZPGKQFPN6VMW,Job,M,39,Ukraine,159.232.240.22,600,gamer
470,01JMTV0RQF4EJHJZKJHDYEWS06,Bitwolf,M,24,Ukraine,70.245.213.244,136,gamer
471,01JMTV0RQGTPWDGXP5295M7F1V,Bigtax,M,64,China,27.152.181.213,753,boomer
472,01JMTV0RQHE9RSE6CAZ3PW8A5G,Konklux,F,90,Indonesia,147.32.45.187,876,boomer
473,01JMTV0RQHRAV3WZX7KB0AM62X,Zontrax,M,77,Argentina,24.247.160.207,567,boomer
474,01JMTV0RQJ08D9HMDWGA8J6QJV,Zamit,M,97,Portugal,208.146.237.252,356,boomer
475,01JMTV0RQKSAC5FP0AVY9DWXXQ,Zontrax,F,102,Indonesia,156.183.184.247,855,boomer
476,01JMTV0RQKJJ9EFMBA0MKY6KS6,Greenlam,F,46,Poland,167.95.62.239,268,gamer
477,01JMTV0RQM4P7YAF1EYZQA1F8X,Overhold,F,90,China,4.37.89.186,152,boomer
478,01JMTV0RQMSKFK4TQX3MR9B6A1,Sub-Ex,F,15,Slovenia,19.105.146.253,858,gamer
479,01JMTV0RQN2TWGG2EBG2875815,Redhold,F,51,Guatemala,252.65.253.205,214,boomer
480,01JMTV0RQPPMW5D6EK54ERCVE4,Treeflex,M,45,China,185.130.146.24,153,gamer
481,01JMTV0RQPQZMNZMCG34TMSZHV,Overhold,F,25,Georgia,47.202.2.30,445,gamer
482,01JMTV0RQQJAM021GBREWFXGWR,Stringtough,F,103,United Kingdom,0.53.90.213,90,gamer
483,01JMTV0RQRZDXM4VE8N3WECXEJ,Bigtax,F,76,Comoros,33.5.26.175,278,boomer
484,01JMTV0RQRVFR9YKBE96ATKETE,It,F,16,Mexico,197.163.126.72,521,gamer
485,01JMTV0RQS8JVBCH2MVFP5JV8Z,It,F,37,Philippines,174.96.193.205,84,gamer
486,01JMTV0RQTKJEXZSKBA9ZPCBB4,Alphazap,M,58,Indonesia,255.49.68.101,10,gamer
487,01JMTV0RQT51YY51X745371RAS,Aerified,F,41,Indonesia,75.62.232.136,351,gamer
488,01JMTV0RQVGMR98SVJWA0K54DH,Home Ing,F,99,China,121.176.246.151,531,boomer
489,01JMTV0RQWSASB6ZS4VY92EZ4K,Subin,F,109,Slovenia,55.198.7.152,98,gamer
490,01JMTV0RQXJR7TXE30QWY0YMKV,Home Ing,F,55,Indonesia,108.36.14.17,46,gamer
491,01JMTV0RQYVKYBM51V6R7PRXYP,Wrapsafe,M,10,Brazil,49.174.44.175,185,gamer
492,01JMTV0RQZ0TDT1NMH1XKK4SJ9,Lotstring,F,19,Indonesia,29.46.129.107,579,gamer
493,01JMTV0RQZCDN7HRXVD7GN2SXB,Kanlam,F,110,Greece,169.253.21.104,653,boomer
494,01JMTV0RR03SV98HHM1BJ7404M,Konklux,M,92,Japan,35.17.31.149,607,boomer
495,01JMTV0RR1HWBMXCFTVPEDN1XC,Bitwolf,F,21,China,44.232.155.85,236,gamer
496,01JMTV0RR17XMS61DNVC2TWSJ5,Voltsillam,F,34,China,91.140.92.9,818,gamer
497,01JMTV0RR22X915PPMV98CD1HD,Zaam-Dox,F,18,Nigeria,100.191.53.133,583,gamer
498,01JMTV0RR37TF69798EW513EP0,Zoolab,F,21,Nigeria,34.83.238.106,446,gamer
499,01JMTV0RR37FDBSDJW88A1W7JF,Home Ing,F,75,Latvia,26.47.10.115,593,boomer
500,01JMTV0RR4CQZXF2TDMTCS9DN3,Kanlam,M,77,China,218.40.237.18,473,boomer
501,01JMTV0RR5WW2E412EJ4VEA7J7,Overhold,F,96,Brazil,21.167.191.162,950,boomer
502,01JMTV0RR52CG4PY7P0KMRW89N,Tresom,F,56,Brazil,91.159.100.239,34,gamer
503,01JMTV0RR62KAM505NNQGK4GAY,Treeflex,F,42,Ukraine,238.213.51.162,687,gamer
504,01JMTV0RR7TX4HC3S40TCNJVM2,Latlux,F,44,Thailand,220.153.3.209,41,gamer
505,01JMTV0RR77A4AD92EZ7TBCN97,Zontrax,M,97,Sweden,159.206.109.1,193,boomer
506,01JMTV0RR8PPSQE2KEZ0SGV5ZK,Bytecard,M,24,France,133.203.51.113,459,gamer
507,01JMTV0RR8ARND2F1WWC9Z3HS7,Sonsing,M,35,Ukraine,175.114.48.252,741,gamer
508,01JMTV0RR96HGQ1GQKS9RPB5EP,Prodder,M,41,Australia,223.118.214.63,800,gamer
509,01JMTV0RRAF3M3KEQXNXX9NZ0A,Sonsing,F,60,Belgium,46.104.183.77,966,boomer
510,01JMTV0RRAY0FYFM62TGXW6Q6S,Zaam-Dox,M,100,South Africa,126.100.71.248,934,boomer
511,01JMTV0RRB73H8ETC9QPWPM7Z5,Y-Solowarm,F,10,Indonesia,103.240.239.150,499,gamer
512,01JMTV0RRC3Z6YKNYM1YAWHRA6,Viva,F,84,United States,49.217.114.162,59,gamer
513,01JMTV0RRC8PP0HT81G9VWPSWM,Transcof,F,29,United States,219.171.94.155,746,gamer
514,01JMTV0RRD2K4BNME7F3FR5YKC,Prodder,M,89,China,98.194.38.221,1,gamer
515,01JMTV0RREAXQF1GYZP7AVKERD,Voltsillam,F,30,Serbia,14.25.25.218,760,gamer
516,01JMTV0RREGBBBAJNGAST6JG6B,Sonair,F,58,Ivory Coast,94.255.89.24,571,boomer
517,01JMTV0RRFR8NB7HKJ8R3JFMNX,Y-find,F,42,Malta,11.201.198.27,608,gamer
518,01JMTV0RRGZFM2MV19NEWQ8VWN,It,F,56,Uruguay,142.152.192.250,805,boomer
519,01JMTV0RRGWMXHNFAKQS6W7K2Y,Holdlamis,M,105,France,253.229.102.15,404,boomer
520,01JMTV0RRHNDE6JB45PK1TDSBM,Y-find,F,90,Argentina,235.26.183.224,125,boomer
521,01JMTV0RRHM71MSRN2KRVTGCY2,Voltsillam,M,90,China,186.247.122.122,210,boomer
522,01JMTV0RRJ4VM8PGSQD9V6Q0SJ,Lotstring,M,40,Indonesia,33.180.144.91,552,gamer
523,01JMTV0RRKVQ4TFKBNZC9CW2HX,Flexidy,F,47,China,164.227.224.49,742,gamer
524,01JMTV0RRM3GTZK4V67WF3J36W,Voyatouch,M,75,South Africa,188.100.185.67,583,boomer
525,01JMTV0RRMABR4R1NE3SJWJDJH,Ronstring,F,85,Indonesia,70.247.2.212,536,boomer
526,01JMTV0RRNASX3H2W9A727FY96,Wrapsafe,F,65,Colombia,24.225.99.212,399,boomer
527,01JMTV0RRNAFKYZHG01BEFVPP8,Aerified,M,29,Peru,225.24.241.122,204,gamer
528,01JMTV0RRPJR1AAZPFK9S20Y62,Lotlux,F,26,Thailand,117.69.71.166,309,gamer
529,01JMTV0RRQ18WDWG618WYA76HX,Flowdesk,M,76,Japan,193.115.178.16,803,boomer
530,01JMTV0RRQ36QGV07VTZWMY7V0,Bitchip,F,109,Ireland,8.125.246.254,835,boomer
531,01JMTV0RRRMA5K9PECH7Z35FPA,Cookley,F,50,Burundi,81.147.90.200,723,gamer
532,01JMTV0RRS22PADF3KPVPH8XT8,Home Ing,F,92,Indonesia,122.229.80.130,966,boomer
533,01JMTV0RRT8PPD48XXA71VZQ17,Gembucket,M,78,Greece,6.72.65.1,692,boomer
534,01JMTV0RRVT466JFKY1SVVXHEW,Bytecard,M,49,Japan,67.64.59.17,658,gamer
535,01JMTV0RRVZVVSRPCHYXYR15K3,Fixflex,F,86,China,14.3.234.26,107,boomer
536,01JMTV0RRWY39Z6K343JHXF18N,Hatity,F,43,Sweden,222.11.27.19,994,gamer
537,01JMTV0RRXTKDK116XJHXV9M52,Biodex,M,101,China,113.175.154.123,250,boomer
538,01JMTV0RRYH0Z47RWX7QXTQ3C1,Alpha,F,42,Albania,57.62.181.188,42,gamer
539,01JMTV0RRYHDXXMQBMBRVYYASQ,Ventosanzap,F,39,Argentina,174.85.1.99,595,gamer
540,01JMTV0RRZNS9QXGQFV8TDH18F,Konklux,M,46,United States,116.35.48.253,550,gamer
541,01JMTV0RS0MN9YKYAXHTPRWFQV,Asoka,M,36,Greece,26.191.92.10,960,gamer
542,01JMTV0RS05FD8H0AR6QK6SRAE,Duobam,M,30,Equatorial Guinea,128.232.169.214,619,gamer
543,01JMTV0RS1NDTNSS4QX22EBYK7,Stronghold,M,74,China,70.54.228.97,998,boomer
544,01JMTV0RS2S2RSHHKHR7R4ZMXE,Subin,M,83,Indonesia,110.78.102.198,6,gamer
545,01JMTV0RS2FDDWZ7AJ7X845TS2,Latlux,M,82,France,73.104.143.17,9,gamer
546,01JMTV0RS3CYSCRKVEHNBR4X3X,Cookley,M,61,China,47.18.30.249,720,boomer
547,01JMTV0RS3C3KPVM0KE5SCQE86,Job,M,105,Brazil,135.142.178.155,252,boomer
548,01JMTV0RS4S9B9GE6JE7HFYNYR,Temp,M,41,Argentina,251.229.62.110,767,gamer
549,01JMTV0RS51DJ9G1YTS7J1XSHZ,Zontrax,F,101,China,183.5.147.105,621,boomer
550,01JMTV0RS5D9EH1Z14R6N7MNZV,Y-find,F,52,Costa Rica,244.209.52.197,789,boomer
551,01JMTV0RS6JG45AX9Q4X262HF4,Quo Lux,F,79,France,141.8.79.44,223,boomer
552,01JMTV0RS6S6JQ178HWJYXRDG0,Duobam,M,108,China,165.78.36.141,512,boomer
553,01JMTV0RS7MKWE51DEYWBR3VKE,Flowdesk,M,12,China,71.96.238.39,425,gamer
554,01JMTV0RS87KW20EZ56JK7XZ7E,Redhold,F,99,China,203.44.98.162,649,boomer
555,01JMTV0RS8PZ4FMMJQNX9Y92J8,Voltsillam,M,69,United States,19.247.156.255,968,boomer
556,01JMTV0RS9V9FT9C8WRW0YKM7Q,Veribet,M,90,China,64.205.74.185,520,boomer
557,01JMTV0RSAR61MD0V6B4QVSSBC,Y-find,M,52,Russia,146.67.24.10,872,boomer
558,01JMTV0RSAT4N4ACZNQQ8AVS3Q,Cardguard,M,75,China,147.30.216.19,936,boomer
559,01JMTV0RSBGXK8V3N45QPMJPW1,Otcom,M,66,Honduras,96.1.197.118,56,gamer
560,01JMTV0RSCD7H75ZRS29K9YG5M,Tempsoft,F,43,France,23.95.34.202,867,gamer
561,01JMTV0RSC80AWS985481ZJJCP,Zaam-Dox,F,97,Canada,125.151.157.27,731,boomer
562,01JMTV0RSDP1T1DK5HVQ6AK5NW,Hatity,M,106,Sweden,207.178.173.162,220,boomer
563,01JMTV0RSDX4A53GR4THJ41XX2,Bytecard,M,63,Colombia,101.196.65.252,701,boomer
564,01JMTV0RSECJAKANEPRZ7546AD,Stronghold,M,55,Greece,104.68.222.43,447,boomer
565,01JMTV0RSFG0S4CN9SJSNCZN0E,Stronghold,M,74,Norway,71.168.130.120,484,boomer
566,01JMTV0RSFRESTW2ECH1XMGBD8,Gembucket,M,24,Dominican Republic,14.84.175.244,670,gamer
567,01JMTV0RSGHXXWAHSM7G9ETA5M,Opela,M,32,Poland,239.31.181.69,694,gamer
568,01JMTV0RSHJ0ERE3WRVJGAVH7T,Andalax,F,104,Malaysia,220.234.193.116,248,boomer
569,01JMTV0RSHZATE3QQVF93N2YM0,Flexidy,F,104,Japan,87.96.227.119,570,boomer
570,01JMTV0RSJYC9DS0JD1NKDPZSF,Quo Lux,F,83,Philippines,221.66.148.47,155,boomer
571,01JMTV0RSJ2N2WT9MNDJ9NV58S,Cardify,M,14,China,215.240.208.183,353,gamer
572,01JMTV0RSK66WSSD4XHSXDBD4N,Gembucket,M,43,Indonesia,133.32.93.7,248,gamer
573,01JMTV0RSMFT1PT8D9ZWWWBD4X,Flowdesk,F,54,France,155.179.134.71,189,boomer
574,01JMTV0RSMTQ4C32Y9RH4QBMRB,Viva,F,93,Uruguay,154.82.70.251,910,boomer
575,01JMTV0RSNEA90FY9GM0BK7FVP,Tampflex,F,33,East Timor,75.41.52.222,325,gamer
576,01JMTV0RSPF718W17VQKD5FGP1,Gembucket,M,60,Poland,127.180.240.161,533,boomer
577,01JMTV0RSPJ8BY5J0B12PTP89P,Zathin,F,75,Malawi,144.214.38.2,100,gamer
578,01JMTV0RSQ8QJFCJ0GZH777SWE,Tin,M,94,Indonesia,92.136.226.44,17,gamer
579,01JMTV0RSR9QTZM42A4CEYYG69,It,F,49,Saint Barthelemy,43.116.142.13,702,gamer
580,01JMTV0RSRGSPCXQ5Z3MM73MSV,Bitchip,F,39,Indonesia,138.230.34.253,258,gamer
581,01JMTV0RSSKAA3HNYQEENETEA9,Sonair,M,27,Vietnam,243.96.116.84,713,gamer
582,01JMTV0RSTNNT4JF717XXF3FJ9,Bitwolf,M,66,Nigeria,26.150.107.194,263,boomer
583,01JMTV0RSVNPNEWTHXT5SNT143,Opela,F,29,Mexico,27.102.164.126,438,gamer
584,01JMTV0RSWVQ5CSV9DW8EC6415,Ronstring,M,62,Bulgaria,102.43.207.74,178,boomer
585,01JMTV0RSWHV8M3WJY0RV1EBK4,Transcof,F,52,China,30.222.29.157,288,boomer
586,01JMTV0RSX4WWC5WGS5ZTQFX4R,Holdlamis,F,84,Russia,60.218.20.250,514,boomer
587,01JMTV0RSXF7WTM6TNHHZWCGX8,Lotlux,F,49,Portugal,13.225.75.96,156,gamer
588,01JMTV0RSY6FZA7V386W6ZXD46,Andalax,M,43,Colombia,237.215.38.182,51,gamer
589,01JMTV0RSZD4655CMDK4X4DQSZ,Fix San,M,34,Guatemala,3.228.224.62,184,gamer
590,01JMTV0RSZH11AC6D04FSEJS1J,Mat Lam Tam,F,56,Russia,148.140.40.137,738,boomer
591,01JMTV0RT0RASQ2AX5VRB7YH9Z,Vagram,F,46,Niger,144.153.223.61,888,gamer
592,01JMTV0RT0TR2Y7S852GK8G1WQ,Bigtax,M,44,Angola,84.93.24.14,960,gamer
593,01JMTV0RT12G8KCPC0NYEKK4BK,Voltsillam,M,47,Poland,234.12.212.129,761,gamer
594,01JMTV0RT2BJHMHM40GY2VW49F,Treeflex,F,74,China,137.63.234.176,130,boomer
595,01JMTV0RT2K56CSPAS8WP7P1GZ,Y-Solowarm,M,66,Nigeria,158.64.187.156,89,gamer
596,01JMTV0RT35KXV73HX9PMXT99Q,Prodder,M,104,Russia,212.245.56.166,275,boomer
597,01JMTV0RT43CC68JE58X1Z4269,Voltsillam,F,53,Honduras,121.22.121.35,62,gamer
598,01JMTV0RT4X7BB3A1RX7SFFYH9,Fixflex,M,58,Portugal,235.244.161.19,958,boomer
599,01JMTV0RT5V2JZPBDQR7408FJC,Stim,M,78,Russia,127.59.8.77,933,boomer
600,01JMTV0RT64B0050VDB7M5VN80,Lotstring,F,62,China,176.187.43.91,776,boomer
601,01JMTV0RT6GM2HPD38S3H9BT3X,Bigtax,F,109,Yemen,211.44.88.80,535,boomer
602,01JMTV0RT7NRC6467ZYCT1797V,Opela,F,91,Poland,177.118.166.211,18,gamer
603,01JMTV0RT8CZE7390T374VTCSM,Alphazap,F,64,Indonesia,236.185.152.24,234,boomer
604,01JMTV0RT8450TJTTF0ND9KDPR,Zaam-Dox,F,23,Ecuador,158.80.179.68,241,gamer
605,01JMTV0RT972FBF7JFQP1W5D5T,Span,M,13,Malaysia,213.251.8.224,386,gamer
606,01JMTV0RT9WKNZK83W47J35B3J,Cardify,M,32,France,222.200.43.200,666,gamer
607,01JMTV0RTAK0TTF0S1VVXVTCQN,Span,M,104,France,228.47.238.220,143,boomer
608,01JMTV0RTB52SVME4W5ST50BS5,Alpha,F,51,France,240.1.129.249,57,gamer
609,01JMTV0RTBCEJZ81WWYVM9DPTZ,Y-find,M,97,Poland,75.57.203.74,976,boomer
610,01JMTV0RTC1MEQBJVXVE93A57E,Fix San,M,36,Russia,181.1.27.117,536,gamer
611,01JMTV0RTD113XQ93A45PZHY7W,Ronstring,M,103,Brazil,80.211.232.4,644,boomer
612,01JMTV0RTD23HC6DMTVKS7PTX5,Latlux,M,11,Indonesia,215.71.168.239,83,gamer
613,01JMTV0RTEG4GP0MANEG4ZXKR7,Konklux,M,30,Portugal,179.224.163.45,511,gamer
614,01JMTV0RTES7283EPJ8G7JBTAV,Voyatouch,F,109,Greece,100.167.4.98,698,boomer
615,01JMTV0RTFM71S1X3TXCEDBHST,Overhold,M,83,Indonesia,18.77.255.5,17,gamer
616,01JMTV0RTGWTYVEKPV4CR9X02B,Bamity,F,67,Poland,246.214.12.33,607,boomer
617,01JMTV0RTGS0FBD2HE545X9G7W,Fintone,F,71,Poland,60.126.57.62,790,boomer
618,01JMTV0RTHCEVH5Q1MK4ZREB40,Trippledex,M,56,Denmark,80.115.218.233,962,boomer
619,01JMTV0RTH2JZVNBHC240R60WB,Greenlam,M,50,Mexico,215.139.167.210,84,gamer
620,01JMTV0RTJBP4NWZG08JHCTHJ7,Regrant,M,18,France,78.66.216.36,564,gamer
621,01JMTV0RTKEGXV53QA37ZHV9Z6,Bytecard,F,93,Brazil,233.122.10.71,105,boomer
622,01JMTV0RTK5BFWGA9MATHSFA5J,Cardguard,F,70,Finland,9.2.124.218,259,boomer
623,01JMTV0RTM00W55BD3J1RBNQ5M,Quo Lux,F,76,China,42.152.24.93,545,boomer
624,01JMTV0RTNNNRB8RCYRK92AXE3,Y-find,M,21,United States,103.222.224.8,923,gamer
625,01JMTV0RTN362QWNFE3E3H1H9V,Matsoft,M,103,China,150.213.63.133,510,boomer
626,01JMTV0RTPVKSBVPG31BVS40HP,Lotlux,M,91,Canada,137.208.117.65,876,boomer
627,01JMTV0RTQS77V6TQW7WJPEGQD,Fix San,M,86,Palestinian Territory,224.28.30.183,159,boomer
628,01JMTV0RTQ6D3BREJZQV4RPTF6,Keylex,F,98,Uzbekistan,42.26.176.82,608,boomer
629,01JMTV0RTR6SQ8D46B7JS9BP56,Job,M,10,Indonesia,234.140.235.21,195,gamer
630,01JMTV0RTSM1TKJXBW1RXXT27T,Bitwolf,F,62,China,81.170.5.160,122,boomer
631,01JMTV0RTTMEQTN6BWDPEQBE08,Bigtax,M,42,Ireland,135.205.253.106,111,gamer
632,01JMTV0RTTADNZ9ZV4M8EYXSEG,Stringtough,M,77,Philippines,47.211.244.239,520,boomer
633,01JMTV0RTVHWTRH0P9789AEAM8,Wrapsafe,M,42,Philippines,104.231.219.72,866,gamer
634,01JMTV0RTWMZAREKP8DFPGVJW0,Zamit,F,32,South Africa,250.200.49.222,927,gamer
635,01JMTV0RTW3XAM5KHZ3M479RM4,Tresom,M,46,China,133.227.247.30,350,gamer
636,01JMTV0RTXJB4EXQQ8BE15PQSX,Toughjoyfax,F,49,China,73.93.18.187,234,gamer
637,01JMTV0RTYYA7PF03XWQAKG8N0,Home Ing,M,19,Norway,37.180.217.241,470,gamer
638,01JMTV0RTY5JEFNN4CDJTEKMFD,Bitchip,M,109,China,226.71.29.134,909,boomer
639,01JMTV0RTZG5V76MCZQZZVGXZD,Toughjoyfax,F,44,Poland,158.63.171.247,686,gamer
640,01JMTV0RTZK6GDPEVGGQ72BHSD,Matsoft,F,27,China,250.56.81.171,588,gamer
641,01JMTV0RV0YH836SJHKFMCRQ6H,Duobam,M,90,China,65.249.163.93,336,boomer
642,01JMTV0RV1DEJEW067283653Y5,Quo Lux,M,78,China,218.191.169.116,107,boomer
643,01JMTV0RV1MZ3TPXTYZGMS7RHF,Alpha,F,78,China,151.8.124.97,981,boomer
644,01JMTV0RV2AMHCVXPNR9PQZQDJ,Cookley,F,21,United States,77.107.163.137,459,gamer
645,01JMTV0RV35EA3ZQYGW036FP5K,Bitwolf,F,78,Colombia,160.8.61.100,465,boomer
646,01JMTV0RV4C3VM9TY1DQTJ34NA,Cardguard,F,55,United States,42.15.84.31,470,boomer
647,01JMTV0RV4T31Y3KXC4MW4CSN7,Sub-Ex,M,97,Madagascar,0.166.135.92,928,boomer
648,01JMTV0RV5R1F70N22C9G3M702,Span,M,62,China,224.100.222.49,171,boomer
649,01JMTV0RV61BGF4FDN3PJT2JCA,Rank,F,104,Brazil,58.249.157.120,574,boomer
650,01JMTV0RV6CTGY62MGAZNHTNX6,Pannier,M,54,China,238.64.195.142,983,boomer
651,01JMTV0RV7Y8XAQYS1C5KWYW1G,Keylex,M,60,Poland,165.49.244.114,466,boomer
652,01JMTV0RV8S9KT44KY55RDX7B8,Temp,M,16,Portugal,141.165.23.195,412,gamer
653,01JMTV0RV9DWDXA7SJKPN79DGY,Ronstring,M,13,Gambia,171.212.152.106,500,gamer
654,01JMTV0RVACST3W65E4FWZY7V8,Cardify,F,30,Indonesia,88.61.190.40,194,gamer
655,01JMTV0RVATPJR3D4DJ230G4K8,Otcom,F,46,Brazil,175.132.15.156,772,gamer
656,01JMTV0RVB3J8AK4PPWCTXYPHE,Greenlam,M,72,Portugal,222.212.136.229,914,boomer
657,01JMTV0RVCRRRZZH0M6T458YWP,Redhold,F,103,Indonesia,100.98.220.114,706,boomer
658,01JMTV0RVDFDJ8HV4QZPPK83G5,Tresom,M,11,Malaysia,164.189.37.33,668,gamer
659,01JMTV0RVE7414WHBB7YX73AZH,Prodder,F,19,Russia,19.174.104.182,32,gamer
660,01JMTV0RVERHW1Q5HW335Z2QK3,Y-Solowarm,F,44,Japan,220.94.188.106,84,gamer
661,01JMTV0RVFDG517A1YF8Z42SEN,Namfix,M,102,China,162.63.176.198,161,boomer
662,01JMTV0RVGJSX7KMYWVH1PAEKH,Latlux,F,103,China,150.42.1.192,767,boomer
663,01JMTV0RVG1PCBPSD8MN0Z5NM8,Stronghold,M,16,Tanzania,50.56.232.22,866,gamer
664,01JMTV0RVH83MFKTC32BQQX42V,Keylex,M,95,Bulgaria,0.80.212.131,918,boomer
665,01JMTV0RVJAD6TBPR2XVJ4G85K,Ronstring,F,65,Nigeria,209.24.184.127,922,boomer
666,01JMTV0RVKB08YED999Z8CR0MQ,Flexidy,M,91,Belarus,51.153.226.225,763,boomer
667,01JMTV0RVNJ58DS7RS9PV3HW5N,Aerified,M,54,Russia,22.106.234.31,631,boomer
668,01JMTV0RVNN2XZNS7TQQBK50EN,Alpha,M,110,Guatemala,206.248.211.58,874,boomer
669,01JMTV0RVP2ZHBD60VN1PEV2Y1,Fix San,F,26,Ireland,88.21.88.247,118,gamer
670,01JMTV0RVQQ576KT1DQMJP7RK8,Solarbreeze,M,72,China,30.91.247.10,700,boomer
671,01JMTV0RVQ4E9BXVZBFGYWRMPM,Fixflex,M,104,Russia,52.63.146.43,954,boomer
672,01JMTV0RVRWP7JMAND18NXBYHE,Duobam,M,69,Brazil,133.205.125.235,509,boomer
673,01JMTV0RVSPF76C0052J2X1E58,Fixflex,F,39,Chile,195.135.66.29,563,gamer
674,01JMTV0RVTTT6PYCNA6BST237M,Regrant,F,86,China,220.143.25.75,420,boomer
675,01JMTV0RVTGZR2QSXGFFGYCEY1,Tampflex,F,94,Russia,7.227.36.214,477,boomer
676,01JMTV0RVVJJJJS43DH3A7TDE2,Rank,F,83,Brazil,156.202.187.102,652,boomer
677,01JMTV0RVV13NMVPCZMKBAQQVX,Latlux,M,99,Czech Republic,41.54.238.60,577,boomer
678,01JMTV0RVWGEWXME5R5BWBQTMA,Voyatouch,F,104,Czech Republic,4.161.215.145,184,boomer
679,01JMTV0RVXBAHVF1V9TP51V9WJ,Subin,F,27,Israel,247.124.12.94,889,gamer
680,01JMTV0RVX1WXSFH5B8JRV98DD,Stronghold,M,18,Brazil,14.17.109.102,347,gamer
681,01JMTV0RVYP5ZH4ZQXPF615TPK,Lotstring,F,36,China,170.230.111.200,198,gamer
682,01JMTV0RVZSFE4GT3RZKBZYA86,Daltfresh,M,38,Czech Republic,68.14.73.167,922,gamer
683,01JMTV0RVZ42YXV46C3QJPYF33,Solarbreeze,M,77,Latvia,118.185.43.179,219,boomer
684,01JMTV0RW0456ZMTBHBJ56V3QV,Stronghold,M,77,Dominican Republic,236.17.181.245,704,boomer
685,01JMTV0RW00AA681NN9YQ2KXD1,Matsoft,M,107,Uganda,10.87.61.144,186,boomer
686,01JMTV0RW1YNFG9WB7BEFTG1DC,Bigtax,F,44,Uruguay,35.166.168.10,536,gamer
687,01JMTV0RW2AG4C5RBNHXECC077,Holdlamis,M,87,Bosnia and Herzegovina,21.89.8.28,290,boomer
688,01JMTV0RW2HEM50AWXP8AKGQ5Z,Flexidy,M,29,Indonesia,247.181.160.246,622,gamer
689,01JMTV0RW3ZBB3PDJY3K7P2J9X,Redhold,F,45,Niger,29.71.55.86,334,gamer
690,01JMTV0RW4S3P0SSSHZ9DM7RFM,Kanlam,F,108,Brazil,30.206.119.238,825,boomer
691,01JMTV0RW4NBKK004Q37WVDQ8M,Zontrax,M,40,Argentina,15.107.67.141,862,gamer
692,01JMTV0RW5MCGCYW3Z0DSSQQ36,Zontrax,M,19,China,150.80.164.94,332,gamer
693,01JMTV0RW6HAPP8A6P0D1QKNTC,Alpha,M,28,Indonesia,67.82.141.3,418,gamer
694,01JMTV0RW61YYSTHF2FBG2H6C1,Voyatouch,F,28,Portugal,201.41.26.208,594,gamer
695,01JMTV0RW7CKYA2019SZWD1YZX,Zaam-Dox,M,72,Netherlands,161.193.103.81,530,boomer
696,01JMTV0RW7K4ZDRZA993VH9Z7T,Quo Lux,M,43,Canada,83.65.39.80,973,gamer
697,01JMTV0RW8N9PC92R559WJX6W0,Aerified,F,22,Ethiopia,48.84.83.74,606,gamer
698,01JMTV0RW9BVET04B22SJ6MR83,It,M,49,France,56.21.126.232,382,gamer
699,01JMTV0RW9Z4E048H1D5Z1F9Q4,Regrant,F,14,Ireland,14.7.23.125,733,gamer
700,01JMTV0RWA83HFWKTCAX5GQVWD,Zamit,F,17,Portugal,27.207.0.49,459,gamer
701,01JMTV0RWAGM64RTWSW0PR2Y7H,Cookley,M,105,Colombia,248.195.136.182,562,boomer
702,01JMTV0RWBT52DPPQRXE02QKKY,Sub-Ex,F,100,Uzbekistan,210.15.71.189,618,boomer
703,01JMTV0RWCVDSSP87MCXS4ZTT6,Zontrax,M,61,Russia,242.71.238.10,226,boomer
704,01JMTV0RWCFRGVYZZE50PXJSS8,Keylex,F,75,Iran,28.126.171.157,977,boomer
705,01JMTV0RWDZ853S9DJWP05GX1D,Andalax,M,28,Nepal,93.97.120.237,189,gamer
706,01JMTV0RWDVF9SQ954SYGWZX47,Veribet,F,77,Poland,137.104.129.131,760,boomer
707,01JMTV0RWETZMVHP9JTSZGW2X2,Viva,M,93,Tanzania,26.153.217.187,499,boomer
708,01JMTV0RWFEM3XR1YMA9NY3FJK,Viva,F,78,Finland,187.198.127.166,696,boomer
709,01JMTV0RWF2ATZWJEVZBZGM7AT,Tampflex,M,83,France,131.18.13.69,556,boomer
710,01JMTV0RWG4XGEE30H8S2Q3J17,Duobam,F,98,Indonesia,220.5.9.20,201,boomer
711,01JMTV0RWHW5A4Y7F3JJ9CEWH2,Aerified,F,45,Czech Republic,146.51.93.39,845,gamer
712,01JMTV0RWH7XB1QFAENGJEY7Q0,Fixflex,F,109,Albania,80.31.79.138,855,boomer
713,01JMTV0RWJ7ZC43TEECCSEBAEW,Stringtough,M,33,Indonesia,96.111.179.37,84,gamer
714,01JMTV0RWJ7SDC035KBS3WDPWX,Lotstring,M,110,Moldova,14.23.108.222,563,boomer
715,01JMTV0RWK9SX9B3NJQMSK3YRF,Bamity,F,61,Indonesia,254.13.199.222,527,boomer
716,01JMTV0RWMDTKM7PMX5SDZ1KY2,Temp,M,62,Portugal,25.165.38.255,373,boomer
717,01JMTV0RWMNETZ4NCVC70YW832,Subin,M,26,Philippines,25.167.80.250,108,gamer
718,01JMTV0RWNRXR052N9SG9BJ6ZT,Bamity,F,102,Sweden,200.112.141.92,636,boomer
719,01JMTV0RWN2WMTY17VW91ENQH7,Fintone,M,50,Philippines,24.36.70.139,569,gamer
720,01JMTV0RWPKZEMM9QSRGQPG286,Zaam-Dox,M,29,Philippines,13.4.174.223,308,gamer
721,01JMTV0RWQRNSN2BW82JS36BY6,Stim,F,83,Indonesia,66.169.183.235,739,boomer
722,01JMTV0RWQT9PY5BRVX5B4SHZX,Bitchip,F,78,Madagascar,241.80.247.214,362,boomer
723,01JMTV0RWRE7KZKGM6V5Y54K2H,Ventosanzap,F,64,Philippines,28.7.42.128,601,boomer
724,01JMTV0RWSQK4NEPTR09BH4353,Hatity,M,75,Sweden,191.78.116.144,563,boomer
725,01JMTV0RWSDTN3S8XBG2EDPE1D,Trippledex,F,80,Brazil,127.106.184.205,690,boomer
726,01JMTV0RWTR7RDBRNR1J191955,Lotstring,F,44,Kosovo,171.104.108.163,697,gamer
727,01JMTV0RWTM8ZB0A3KNYE357PJ,Bitchip,F,72,Brazil,174.65.5.183,232,boomer
728,01JMTV0RWVTMSAABT76SV3G40S,Overhold,F,57,China,234.198.47.91,736,boomer
729,01JMTV0RWW5YS72CBW9WGWRSNV,Alpha,M,56,Mongolia,249.33.81.6,303,boomer
730,01JMTV0RWWMVM8X0QS3GGQ08KE,Bitchip,F,36,Nigeria,189.213.2.85,351,gamer
731,01JMTV0RWXYGN4GHWZXMBK8ZXB,Konklab,M,98,Philippines,203.189.196.140,88,gamer
732,01JMTV0RWY2FT5VBZWEF9SFJY3,Temp,M,13,China,146.212.156.209,831,gamer
733,01JMTV0RWYQTCF4ZAFWZVM5VXE,Gembucket,F,26,China,196.242.174.136,12,gamer
734,01JMTV0RWZNBDSX475N864N4Q3,Bigtax,M,98,Indonesia,51.161.204.44,794,boomer
735,01JMTV0RX00J5BNFVYFYCXG1GP,Stim,M,73,Russia,158.79.83.128,158,boomer
736,01JMTV0RX0NQE6P9T80ZJ6J2EY,Flowdesk,M,63,China,113.231.17.183,662,boomer
737,01JMTV0RX1X5YHY0JAFAY1NWFW,Stronghold,F,10,Bangladesh,231.82.184.86,75,gamer
738,01JMTV0RX2QTQFJTWNEF5FNP62,Voltsillam,F,25,Saudi Arabia,236.32.80.192,129,gamer
739,01JMTV0RX2ADMBQ6GSNQXHKG64,Prodder,F,33,Japan,108.173.131.56,378,gamer
740,01JMTV0RX39MG7JXBZ7YKFYPG9,Stronghold,M,91,Croatia,90.38.2.7,403,boomer
741,01JMTV0RX4SW1S0V3ZT3Q4XV7R,Fintone,F,74,Russia,152.31.215.205,84,gamer
742,01JMTV0RX50PRY3SBH92YBPAB0,Sub-Ex,F,106,China,201.62.26.246,59,gamer
743,01JMTV0RX672E9JE1ZVA0H78JS,Holdlamis,M,36,Indonesia,58.191.202.91,49,gamer
744,01JMTV0RX78VHBC96ZK3A54CMY,Job,M,107,Portugal,22.15.144.4,394,boomer
745,01JMTV0RX7NJNG6S70R21Q3FGJ,Hatity,M,80,Venezuela,211.56.218.172,699,boomer
746,01JMTV0RX8M0JBPSZPADZ63ASZ,Flexidy,M,13,China,176.179.20.19,932,gamer
747,01JMTV0RX8VDWBKAN6EQTP4VTT,Zontrax,F,56,Cameroon,236.60.11.12,117,boomer
748,01JMTV0RX96WNH4VKV5EQG3PXB,Asoka,F,103,Peru,177.129.176.41,932,boomer
749,01JMTV0RXA064CKK8T1EFKT433,Regrant,F,82,Estonia,228.196.161.206,893,boomer
750,01JMTV0RXAYM7NXW1B7WFZKM0H,Sonair,F,56,Chile,125.234.207.167,234,boomer
751,01JMTV0RXBEW6PMR1SZQ1Y7GZX,Kanlam,F,84,Vietnam,8.251.200.201,126,boomer
752,01JMTV0RXCKAK0MVZ5QZEPCD2G,Subin,F,89,Thailand,195.2.42.173,746,boomer
753,01JMTV0RXC0K1C92XAM3NQ7GMN,Voltsillam,M,79,France,225.215.93.137,342,boomer
754,01JMTV0RXD2KEYBKXCD97HESVH,Bytecard,M,106,Mexico,91.156.196.38,469,boomer
755,01JMTV0RXEAD9CQFV0B1XNMQC1,Trippledex,M,20,Syria,114.236.104.137,901,gamer
756,01JMTV0RXE0DH4KSEQRCDT1WDV,Overhold,F,28,Indonesia,234.90.234.150,5,gamer
757,01JMTV0RXF87D0NHQVYKVD5PP6,Subin,F,18,Yemen,69.104.191.112,361,gamer
758,01JMTV0RXFJ1MK89QKM57N711E,Flowdesk,F,57,Argentina,142.115.10.46,967,boomer
759,01JMTV0RXGKAMHG92V9NMWP01C,Opela,M,75,Indonesia,24.65.108.111,586,boomer
760,01JMTV0RXH59MG4GNJHYQTHXFZ,Ronstring,M,47,Indonesia,24.194.49.229,21,gamer
761,01JMTV0RXH66ZGBTS3TNDQPS1A,Regrant,F,66,Portugal,14.215.114.73,457,boomer
762,01JMTV0RXJ5B7VG3JN8H7SQYDB,Tresom,F,30,France,196.233.155.6,155,gamer
763,01JMTV0RXJKSYHNC1TGX2AZZ9F,Sonsing,F,22,Netherlands,88.235.117.186,776,gamer
764,01JMTV0RXKQ849DSWRCTJ5RCHB,Tresom,M,43,China,6.26.142.90,290,gamer
765,01JMTV0RXMTXSDYXNWCYQWKJNZ,Pannier,M,78,Portugal,16.34.21.166,810,boomer
766,01JMTV0RXMQMBHG6WQHWZ6AP0M,Bitwolf,F,74,Indonesia,18.4.90.139,218,boomer
767,01JMTV0RXNY2DC7MGJBFKDJBWS,Konklab,M,61,Brazil,182.244.22.166,354,boomer
768,01JMTV0RXP1NFJEWZXPSHF0838,Sonair,F,59,Denmark,249.114.240.66,276,boomer
769,01JMTV0RXPWAEW0ZYPZAJH7ZM8,Sonsing,M,88,Philippines,65.76.180.64,567,boomer
770,01JMTV0RXQMS5N302EDCHQ3KMF,Bamity,F,22,Sweden,69.19.87.113,427,gamer
771,01JMTV0RXQR9QGETGCDM86MGYX,Flexidy,F,43,Ethiopia,100.152.148.198,40,gamer
772,01JMTV0RXRW637KTNQH03G6XCM,Alpha,F,85,Portugal,100.170.239.6,80,gamer
773,01JMTV0RXSVTAQZ9FH0S1Y76HX,Prodder,M,27,China,53.204.222.13,264,gamer
774,01JMTV0RXS9CH7Q79AA1Z8X820,Viva,M,47,Brazil,32.217.184.155,750,gamer
775,01JMTV0RXT6W96BDY1XZ3NEXFV,Wrapsafe,M,21,Russia,105.197.134.172,815,gamer
776,01JMTV0RXVAR9XBAGN5G9DPH50,Fixflex,F,73,Bulgaria,164.98.250.211,698,boomer
777,01JMTV0RXVTN4BRHV8386P4DSB,Voltsillam,F,57,Peru,82.56.54.52,408,boomer
778,01JMTV0RXWSFXYT5WXY0RRQ31E,Greenlam,M,103,Macedonia,149.200.24.45,146,boomer
779,01JMTV0RXW0M4D6MSMJCC2GWV9,Redhold,F,85,Saudi Arabia,83.133.17.188,647,boomer
780,01JMTV0RXXY6TSH1QPAMHV4R8B,Sonsing,F,41,China,81.186.3.78,856,gamer
781,01JMTV0RXYCVPEVYPBA84TCJ1H,Fix San,M,84,Russia,131.197.185.70,559,boomer
782,01JMTV0RXYDJMKQ3BCFBG3HR8G,Pannier,F,24,China,92.27.19.22,944,gamer
783,01JMTV0RXZ6JK9ND33MRYEAD99,Flexidy,M,95,China,164.9.59.111,614,boomer
784,01JMTV0RY0AQZHYSJV18T6N07K,Regrant,M,97,Brazil,11.200.8.32,61,gamer
785,01JMTV0RY0VA3SF4TZA1ZNDW3F,Ronstring,M,14,Nigeria,21.98.22.83,199,gamer
786,01JMTV0RY1WC87H4XM3E29F9YF,Konklab,M,57,Russia,172.77.144.212,808,boomer
787,01JMTV0RY2Q0H0EHXGYW8X2W3M,Temp,M,57,Colombia,134.131.120.113,666,boomer
788,01JMTV0RY2HWCN59WQZ1SC5M3J,Flowdesk,M,57,Indonesia,57.173.138.29,176,boomer
789,01JMTV0RY3HK00CTCJ5ASFEMR7,Treeflex,M,31,Indonesia,62.7.229.212,150,gamer
790,01JMTV0RY4XTC8HTN940A50GPR,Aerified,M,27,Brazil,84.162.186.86,385,gamer
791,01JMTV0RY4NKSC4GDNGZZYM830,Mat Lam Tam,F,41,Nicaragua,24.78.243.218,175,gamer
792,01JMTV0RY5JMTK7QPX482W5HQM,Stronghold,F,80,Portugal,167.55.189.24,941,boomer
793,01JMTV0RY633KX1XDJ000MGTXH,Y-find,F,71,Philippines,251.98.223.164,715,boomer
794,01JMTV0RY60JZ8S52E4FXNR59J,Holdlamis,M,12,Mongolia,38.164.67.162,5,gamer
795,01JMTV0RY708SEG8V2TAASZ43R,Viva,F,29,China,4.92.189.178,309,gamer
796,01JMTV0RY8WR2507T4G1XQ5MEB,Cardify,F,67,Russia,63.153.45.197,214,boomer
797,01JMTV0RY8XB2F8H75BHZ4J817,Toughjoyfax,F,20,Russia,212.66.155.140,563,gamer
798,01JMTV0RY9C14T0QMA43SX6DBM,It,F,92,Brazil,221.19.153.38,146,boomer
799,01JMTV0RYA4Y310X66DRVYEHDX,Asoka,M,20,Japan,195.73.127.122,930,gamer
800,01JMTV0RYANJTXY7B5DX58SXMX,Voltsillam,M,94,Sweden,47.110.90.23,153,boomer
801,01JMTV0RYBZF7AS53SJ9QNM5K7,Sonsing,F,32,Indonesia,131.213.81.113,852,gamer
802,01JMTV0RYBWB4QD54TZ6CXV3J8,Regrant,M,91,Philippines,170.15.240.181,726,boomer
803,01JMTV0RYCF5BSG0XBVE9AG8XN,Bytecard,F,66,Thailand,191.90.180.30,301,boomer
804,01JMTV0RYDSNZRQ9AN01NA064T,Latlux,F,41,Cyprus,62.196.240.178,181,gamer
805,01JMTV0RYEY906WSYTTTTASRTB,Fixflex,F,10,France,111.222.128.49,196,gamer
806,01JMTV0RYEHW9HPS26E2EZ4BKE,Wrapsafe,F,83,Indonesia,252.8.220.145,664,boomer
807,01JMTV0RYFF2ANBRX550AK0SAA,Andalax,M,84,Greece,110.60.114.240,928,boomer
808,01JMTV0RYGH35WJPP31H5ADYWX,Zathin,M,40,Russia,75.173.166.74,732,gamer
809,01JMTV0RYGK2K8N89DVACF8KGH,Gembucket,M,48,Namibia,185.182.193.55,837,gamer
810,01JMTV0RYHBPRV9BVT83MRSS2A,Tampflex,M,76,Finland,228.107.212.129,696,boomer
811,01JMTV0RYJC8C48J69W4DH052F,Fintone,F,89,Poland,80.40.0.40,752,boomer
812,01JMTV0RYJMZT8NPGQ01KEQ042,Konklux,M,83,Italy,193.122.16.122,54,gamer
813,01JMTV0RYM6MA03Q6T8ZBX0J9B,Latlux,M,53,China,100.173.227.233,339,boomer
814,01JMTV0RYMV2QXW70S22JBDQ5A,Tresom,F,80,Indonesia,64.88.200.210,535,boomer
815,01JMTV0RYPXN65SEBKQ7Z3XDRJ,Y-Solowarm,M,106,Portugal,144.138.82.199,624,boomer
816,01JMTV0RYQ1YWNXJGWHZNN5BGJ,Bigtax,F,76,Tanzania,151.136.215.94,228,boomer
817,01JMTV0RYRDMQXKGE0RS1ZJKN9,Cardify,F,51,Brazil,143.236.9.124,578,boomer
818,01JMTV0RYSHCHG8F3H1DZKJNQ3,Latlux,F,76,Indonesia,250.255.64.146,222,boomer
819,01JMTV0RYS038MMN977DEJGGVF,Zontrax,M,106,Indonesia,107.73.40.113,991,boomer
820,01JMTV0RYTZM78M78PQNCWQYG6,Gembucket,F,51,China,147.168.205.200,885,boomer
821,01JMTV0RYVVDGY7R0SKRRP9AZC,Zoolab,F,32,Ukraine,0.221.123.39,536,gamer
822,01JMTV0RYVM321DMPCW609WYGF,Zamit,F,57,Ukraine,121.194.66.24,970,boomer
823,01JMTV0RYXXNHS5MBTCHS8E14Y,Ronstring,M,32,Indonesia,82.188.239.158,560,gamer
824,01JMTV0RYY74YRG0DTJ3XFS8HS,Alphazap,F,19,Indonesia,106.80.62.17,621,gamer
825,01JMTV0RYZ1904H15QEB2F806Z,Fintone,F,76,Italy,13.244.95.167,278,boomer
826,01JMTV0RZ0S4MBKANM4TB2A0JX,Alphazap,F,36,Indonesia,28.115.141.139,832,gamer
827,01JMTV0RZ0AZR86TF6H80J31VA,Regrant,M,57,France,7.179.63.100,119,boomer
828,01JMTV0RZ1GHHK358YYM6K18BD,Tin,F,66,Thailand,57.191.54.203,457,boomer
829,01JMTV0RZ25J5JA2QQQB5PS0P7,Greenlam,F,95,Indonesia,93.200.62.9,386,boomer
830,01JMTV0RZ2K882P64FEJ4BGQ05,Stronghold,F,74,Vietnam,122.203.209.89,993,boomer
831,01JMTV0RZ3EYGBBK3EH0ZV2GMJ,Job,F,19,China,13.166.56.95,216,gamer
832,01JMTV0RZ46D7RTEFQCF78PTWH,Alphazap,F,35,Nigeria,221.199.4.69,915,gamer
833,01JMTV0RZ4BNBT30JW6HDA3X0H,Konklux,M,100,Vietnam,91.235.229.4,216,boomer
834,01JMTV0RZ5CB7FRNWVFEYP9ZGM,Bitchip,M,101,Panama,45.158.208.15,118,boomer
835,01JMTV0RZ53H23ZT4Z6FJS389H,Flexidy,F,54,Colombia,105.236.135.17,869,boomer
836,01JMTV0RZ67XTB6FSNVYJ5JCP3,Y-find,F,20,Philippines,113.193.224.151,406,gamer
837,01JMTV0RZ7EJF1X32TR45TWE4P,Wrapsafe,F,14,Indonesia,70.255.89.172,613,gamer
838,01JMTV0RZ7BCYA1VF6VKT59J9E,Keylex,F,81,Russia,131.40.213.225,176,boomer
839,01JMTV0RZ817CX64K0J028NXGG,Vagram,M,31,Philippines,205.180.164.185,692,gamer
840,01JMTV0RZ8FSDPM9WB5G7Q2SRR,Sub-Ex,M,68,Cuba,121.96.229.197,624,boomer
841,01JMTV0RZ94X4D0V325EZZ6SE9,Zontrax,M,14,Brazil,186.141.136.75,240,gamer
842,01JMTV0RZAAAD85D3HA22F9T77,Ventosanzap,F,100,Poland,177.59.70.246,790,boomer
843,01JMTV0RZA2MX9P1FY3744VVH8,Aerified,F,105,Russia,202.9.4.179,203,boomer
844,01JMTV0RZB1B36KGN18C9H4ZWR,Andalax,F,106,Russia,20.231.189.60,396,boomer
845,01JMTV0RZBKDJN381YJVRQZE68,Stronghold,F,23,Russia,103.59.54.160,642,gamer
846,01JMTV0RZCCKZY3FW11XQ1PJ4K,Pannier,M,107,Bolivia,17.154.240.171,100,gamer
847,01JMTV0RZDPH37M9R1MR7K040Z,Cardguard,M,51,Venezuela,120.118.149.237,432,boomer
848,01JMTV0RZDWW63BE3B3KQAAT2C,Greenlam,M,56,Kazakhstan,146.205.29.37,460,boomer
849,01JMTV0RZEJZSTAV1JY42A36RX,Zamit,M,50,Colombia,248.163.173.216,343,gamer
850,01JMTV0RZFF62V7R75KRXWBP9B,Trippledex,F,18,China,92.204.188.78,171,gamer
851,01JMTV0RZFJTB08SCPERAXY3F5,Viva,F,76,Croatia,248.161.38.187,606,boomer
852,01JMTV0RZG4JZ5Z3YDW9J04QMC,Opela,F,97,Uganda,140.21.242.105,358,boomer
853,01JMTV0RZGXP7GZZP389P8EWMD,Tresom,M,68,Malaysia,17.95.172.66,777,boomer
854,01JMTV0RZHH3S6VF6XXA7PNJKN,Bamity,M,94,Thailand,9.124.31.64,465,boomer
855,01JMTV0RZJ9RWYWJPY68YC9K7J,Bamity,M,41,China,58.222.88.74,692,gamer
856,01JMTV0RZJ9A8JKHWNWATGHBQH,Bitchip,M,105,Nigeria,151.6.121.215,141,boomer
857,01JMTV0RZKVZ5GRQ71KXRSSK82,Bitchip,M,83,Mali,176.233.159.52,536,boomer
858,01JMTV0RZM3W2J4A40EAEZZR20,Gembucket,F,24,Croatia,229.104.56.106,519,gamer
859,01JMTV0RZMPBQDM5P2X7Y1V930,Veribet,F,26,Philippines,86.13.105.220,985,gamer
860,01JMTV0RZNB0P7HDSF35QSAB39,Fix San,F,58,Vietnam,53.127.52.91,976,boomer
861,01JMTV0RZNS6MYFYZ3AHK96NHN,Hatity,M,65,Japan,192.141.196.67,418,boomer
862,01JMTV0RZP8ZHBY9MP0Y5TNVYN,Tempsoft,M,46,Philippines,162.239.72.27,255,gamer
863,01JMTV0RZRJDC2RDV41ZX27KXQ,Mat Lam Tam,M,48,Philippines,175.152.210.249,797,gamer
864,01JMTV0RZS76RPEZP08BGV1NDJ,Ventosanzap,F,15,Serbia,108.62.45.232,154,gamer
865,01JMTV0RZS35PC0TGV6ZRPC4S1,Job,F,29,Kenya,83.75.143.34,816,gamer
866,01JMTV0RZTVRWQK9480KFDNM5S,Daltfresh,F,101,Indonesia,84.96.88.81,42,gamer
867,01JMTV0RZVKHVNQPVNP67EH8DW,Matsoft,F,21,China,102.139.150.148,176,gamer
868,01JMTV0RZV3X4A17ZEQR71R0WZ,Latlux,M,53,Peru,10.140.55.226,341,boomer
869,01JMTV0RZW5RZ9JSD3QDM8FGDT,Solarbreeze,F,50,Dominican Republic,19.241.223.44,929,gamer
870,01JMTV0RZXGVZ3R69V1RZPTBJQ,Flowdesk,F,28,China,169.48.212.23,141,gamer
871,01JMTV0RZX9NX3PGEZCG7VQHDS,Veribet,M,100,Brazil,83.84.192.75,387,boomer
872,01JMTV0RZYSMFX5QR8STAFTRYH,Tresom,M,60,Uruguay,234.94.128.196,957,boomer
873,01JMTV0RZYT7F6KS8YARQ84MHX,Regrant,M,23,Venezuela,195.121.80.229,344,gamer
874,01JMTV0RZZ816C9DDESFMRKGC1,Subin,M,82,China,174.143.29.201,598,boomer
875,01JMTV0S00WTDKAKK7ZTWM1QNS,Zontrax,M,86,Portugal,31.163.181.153,853,boomer
876,01JMTV0S00DV2EXWFSKR53R5NC,Quo Lux,F,65,Russia,113.16.150.179,523,boomer
877,01JMTV0S017B7DFBVZWWPKPFGD,Tin,M,62,Argentina,64.206.196.180,4,gamer
878,01JMTV0S02R6JSB21MB2R89FYB,Gembucket,F,21,Poland,95.217.150.248,871,gamer
879,01JMTV0S028F0B86E03JKKT72Y,Voyatouch,F,76,Portugal,171.152.174.189,986,boomer
880,01JMTV0S03XFPR0DFJSFWSQYB5,Tempsoft,F,21,China,51.131.82.123,606,gamer
881,01JMTV0S033AHZ6GM7CJ6GVDSC,Fintone,M,17,Brazil,0.175.63.164,881,gamer
882,01JMTV0S04D57ERWTYG46WFB29,Otcom,F,52,Peru,147.85.174.76,257,boomer
883,01JMTV0S05Y92NCQ82H78KQ1ZA,Cardguard,M,22,China,247.212.197.197,122,gamer
884,01JMTV0S06FSRB5P7BF3NJM0WH,Lotstring,M,93,Indonesia,122.254.115.67,633,boomer
885,01JMTV0S075MTAPA1KK0SV8XD1,Solarbreeze,F,14,Indonesia,228.45.213.242,154,gamer
886,01JMTV0S08W492KVNE8RDQHN4C,Tempsoft,F,74,Malaysia,239.135.29.227,815,boomer
887,01JMTV0S0AJBZ774XFTKGKA47Y,Konklux,F,32,Vietnam,240.184.198.95,467,gamer
888,01JMTV0S0BWQRDFFYZPZKBE326,Redhold,F,25,Russia,234.123.36.85,867,gamer
889,01JMTV0S0CP9XYE6BVDPWCQ4JG,Rank,F,79,Portugal,119.52.130.204,25,gamer
890,01JMTV0S0NGVHMSVBYX3YMMBCF,Zathin,F,71,Germany,56.251.4.164,267,boomer
891,01JMTV0S0N8TQ5VNJ79DVY5N00,Bigtax,F,85,Moldova,75.154.227.109,210,boomer
892,01JMTV0S0PQ9R3G0C2KT0NQ2B2,Overhold,M,97,China,131.134.39.57,407,boomer
893,01JMTV0S0Q3Q255SK14B424SHK,Gembucket,M,54,Cyprus,246.146.202.122,562,boomer
894,01JMTV0S0Q7E8J0S22BYWH5X33,Sonair,M,90,China,47.72.52.205,403,boomer
895,01JMTV0S0RX6QS7PPF4SCAWT52,Domainer,F,43,Indonesia,24.26.55.174,556,gamer
896,01JMTV0S0TX908FT53CAVB0KYG,Overhold,M,30,Russia,113.180.187.246,797,gamer
897,01JMTV0S0V5B5R9DDH80CET0A5,Domainer,F,72,Indonesia,187.45.190.148,9,gamer
898,01JMTV0S0V5F8G6CP4ZAAZF8TN,Fintone,M,73,United Arab Emirates,70.219.255.228,899,boomer
899,01JMTV0S0W0KRMGJVX6JR3JG90,Voltsillam,F,29,Poland,213.74.185.139,623,gamer
900,01JMTV0S0XZHKKD9Q66VG3182E,Overhold,M,56,Belgium,183.4.194.120,786,boomer
901,01JMTV0S0XG517JE0JK9TN66ZT,Cardify,M,84,Russia,142.11.74.21,921,boomer
902,01JMTV0S0YAMB5TDHQWGFPPX18,Subin,F,27,Syria,182.123.190.29,518,gamer
903,01JMTV0S0ZTAWDYG7GS145FPJA,Sonsing,F,82,China,194.135.160.178,211,boomer
904,01JMTV0S0ZGQ59SFAVY59M4FR7,Rank,F,101,Brazil,174.9.190.175,808,boomer
905,01JMTV0S10CECJRZN9ED6EN7WE,Solarbreeze,M,66,Indonesia,79.69.186.67,187,boomer
906,01JMTV0S11RJJ3H5JRJJFXVJ0F,Cookley,M,75,Thailand,73.218.165.99,838,boomer
907,01JMTV0S11X5AQ51KHKEM2N4WX,Bitwolf,M,104,Peru,82.188.35.227,440,boomer
908,01JMTV0S12BR6K0G40XE19WHDS,Domainer,F,45,Czech Republic,182.248.206.67,155,gamer
909,01JMTV0S135V4DSHSQA5KNM8WN,Gembucket,F,10,Indonesia,211.65.88.225,430,gamer
910,01JMTV0S13MP36D7BEG0MMXJAE,Sonair,M,94,Indonesia,240.163.104.114,708,boomer
911,01JMTV0S14H19X0XDR6EBVEAYE,Viva,M,80,China,118.81.31.224,360,boomer
912,01JMTV0S158F801Y915FNEWTS6,Stronghold,F,106,Portugal,203.57.87.19,556,boomer
913,01JMTV0S159VE804W9X5NKFR4R,Cardguard,M,72,Finland,86.171.218.15,700,boomer
914,01JMTV0S16J80RNQJ0NJPTCM9S,Stringtough,F,94,Albania,26.141.41.207,255,boomer
915,01JMTV0S17K3MVF869X52KMNRX,Zathin,M,18,China,197.92.251.41,693,gamer
916,01JMTV0S18KJEQDJWKCE1C5MN3,Zoolab,M,14,China,244.38.148.116,389,gamer
917,01JMTV0S18AEC7XXQXAD7YPQT3,Home Ing,F,24,Chile,120.181.34.100,311,gamer
918,01JMTV0S19THJYSQ2PJYPNDEQS,Fixflex,F,56,Philippines,192.24.99.230,603,boomer
919,01JMTV0S1A71DR76ZWVFN67GVN,Vagram,F,36,Poland,146.79.44.236,963,gamer
920,01JMTV0S1APDDBN14NXD4STNRQ,Aerified,F,68,Uzbekistan,249.28.30.243,528,boomer
921,01JMTV0S1BGMH5F741WSMR7CP8,Matsoft,M,81,Austria,165.53.127.236,238,boomer
922,01JMTV0S1C48KXKFEJCXSDN94Q,Daltfresh,M,23,Japan,107.146.160.12,629,gamer
923,01JMTV0S1CNAV1XBMEWPJBFKGJ,Lotlux,M,70,Guatemala,71.210.179.62,155,boomer
924,01JMTV0S1D45P1HJ1MGAR0R2RF,Overhold,M,16,China,173.20.110.171,936,gamer
925,01JMTV0S1EHBY3TTM9P2F99E99,Treeflex,F,93,China,59.72.65.208,401,boomer
926,01JMTV0S1EE12GSA2RD38D71A7,Asoka,F,68,Sweden,123.191.185.249,310,boomer
927,01JMTV0S1FEERYQG55DDFWMDGZ,Bigtax,F,90,Indonesia,208.71.178.255,663,boomer
928,01JMTV0S1GHNCBG342E3W55BJH,Lotlux,F,19,United States,176.95.151.106,633,gamer
929,01JMTV0S1GJGKMEKXSBN97TZKR,Span,M,46,Indonesia,174.37.176.127,693,gamer
930,01JMTV0S1HM470PXREB22AVRBB,Otcom,F,18,Japan,149.8.32.146,719,gamer
931,01JMTV0S1JB8WABYP1J6JGQQY1,Namfix,M,74,Philippines,75.128.177.162,163,boomer
932,01JMTV0S1K348ZYFCANHJS30HY,Fintone,F,52,China,230.163.221.148,482,boomer
933,01JMTV0S1M80MF366W3K0MQR86,Zontrax,F,21,Portugal,110.252.109.79,664,gamer
934,01JMTV0S1MXVVRK47EWVBHSF03,Daltfresh,F,38,Nigeria,95.240.12.173,364,gamer
935,01JMTV0S1NT52BKHFFNY5HVQQR,It,F,65,Indonesia,55.18.224.215,778,boomer
936,01JMTV0S1PZXXQKR2EVEVB7SCR,Aerified,F,75,Indonesia,222.30.71.83,305,boomer
937,01JMTV0S1PYVH6AAFNMZMW5MKV,Trippledex,M,67,Brazil,121.82.199.8,629,boomer
938,01JMTV0S1Q32ERGHJZDY74MDBA,Y-find,F,55,China,182.64.180.194,776,boomer
939,01JMTV0S1RQKJDSZZ921X62MPB,Alphazap,M,72,Indonesia,206.47.135.100,949,boomer
940,01JMTV0S1SF0180624T90PC663,Home Ing,F,43,Canada,9.64.165.225,972,gamer
941,01JMTV0S1SNZMBEX7CVSTS6EFV,Y-find,M,34,Norway,67.154.185.110,684,gamer
942,01JMTV0S1TBHWGJH6QVXCFD16V,Lotstring,M,10,Ukraine,123.34.242.15,555,gamer
943,01JMTV0S1V0TA2KF74E3P4YRW4,Solarbreeze,F,15,Russia,241.65.21.194,663,gamer
944,01JMTV0S1VQPCQQZ9RN4MH6541,Rank,M,16,Russia,248.99.70.101,901,gamer
945,01JMTV0S1WZG66C0ESWQ66P9BN,Y-Solowarm,F,32,Albania,248.40.87.19,98,gamer
946,01JMTV0S1XN77549856F4HS3N0,Stringtough,F,47,Brazil,77.148.78.120,325,gamer
947,01JMTV0S1Y3ASCSBJKV6DFVMZ2,Sub-Ex,M,68,Finland,122.174.145.218,833,boomer
948,01JMTV0S1Z0YDEJMYQKN24RXPH,Rank,F,73,China,208.51.169.97,557,boomer
949,01JMTV0S1Z5T76F7TVRA37TFWK,Temp,M,75,Russia,144.192.150.227,850,boomer
950,01JMTV0S20KE27KWREGH7FM9B9,Flexidy,F,97,Philippines,234.94.113.11,195,boomer
951,01JMTV0S21SG732TC1W89MNP24,Tres-Zap,F,77,Portugal,212.119.164.78,306,boomer
952,01JMTV0S221B2GMBSJC21PD54P,Sonair,M,13,Norfolk Island,156.218.29.252,361,gamer
953,01JMTV0S237RR96FA2K017YHFG,Veribet,M,68,Vietnam,104.24.133.166,477,boomer
954,01JMTV0S249NTYMW4EGWWJV2Q9,Flexidy,M,31,Moldova,110.77.0.224,733,gamer
955,01JMTV0S25W8YKKQDGAVS8T13H,Holdlamis,F,56,Denmark,150.36.76.255,331,boomer
956,01JMTV0S25ESVWS1FP6R7B890R,Y-Solowarm,M,105,Kazakhstan,126.130.33.82,814,boomer
957,01JMTV0S26E2R5PC3CAMP9ARXJ,Wrapsafe,F,64,Japan,166.39.87.203,101,boomer
958,01JMTV0S27D1FPC0RWG3ZX9F2A,Latlux,F,91,Portugal,172.37.67.235,318,boomer
959,01JMTV0S271GXFSX29Z7CZ579K,Cardguard,M,63,Argentina,182.244.170.121,707,boomer
960,01JMTV0S28PYCHHS5B480NK69N,Quo Lux,F,87,Russia,80.249.30.166,916,boomer
961,01JMTV0S29BDAWNDSHC6Z4WQ53,Span,M,59,Philippines,31.91.223.171,142,boomer
962,01JMTV0S29FAKR8D5D2MP18FR3,Toughjoyfax,F,87,Japan,82.223.126.141,532,boomer
963,01JMTV0S2AN5RS48E2X5JZY9NT,Kanlam,F,63,United States,100.149.224.143,557,boomer
964,01JMTV0S2B0Y0BJYW31HCEN875,Fix San,M,61,China,148.37.49.255,466,boomer
965,01JMTV0S2CB6AKBWG2S0QHFT5F,Keylex,M,66,Ethiopia,26.162.140.139,53,gamer
966,01JMTV0S2C7ZRY7JEDVQYTEDVJ,Asoka,F,40,Vietnam,203.44.212.202,810,gamer
967,01JMTV0S2DRGK67JMS65A863N2,Matsoft,M,74,United States,178.158.254.109,428,boomer
968,01JMTV0S2EKYJ1N5C14K5SCTTD,Solarbreeze,M,51,Pakistan,159.55.39.117,963,boomer
969,01JMTV0S2E5PSCESR5NT2GD4YG,Fixflex,F,16,Nigeria,23.141.160.19,300,gamer
970,01JMTV0S2F0Z9MNMS4HFQ5AF6N,Stringtough,F,93,Bolivia,186.41.78.61,549,boomer
971,01JMTV0S2G5D0A40V8HPP4Q1N1,Greenlam,M,71,Afghanistan,25.101.171.73,905,boomer
972,01JMTV0S2HDR850ZPNPKDW4BE2,Flowdesk,F,101,Kenya,14.174.162.149,720,boomer
973,01JMTV0S2JF2VXG0AJT5V6850C,Zathin,M,18,France,92.93.156.61,988,gamer
974,01JMTV0S2JKV8H76HAHY7GQRVJ,Cardguard,F,57,Ecuador,117.31.197.203,239,boomer
975,01JMTV0S2KF4H8F6PQ1HED3DMV,Sonair,M,11,Indonesia,105.194.58.7,268,gamer
976,01JMTV0S2MN0SVN99K8QT8M9R7,Alpha,M,54,United States,14.148.223.220,278,boomer
977,01JMTV0S2MS8JC15GXV2JTVAKZ,Ronstring,F,71,Canada,146.116.219.204,368,boomer
978,01JMTV0S2N4C3G8CDBWG2FR6YX,Tempsoft,F,49,Russia,57.180.148.24,365,gamer
979,01JMTV0S2PJ2HG834R3E4EE87Y,Lotstring,F,96,Cuba,98.139.231.122,975,boomer
980,01JMTV0S2QQTE9JSTFWCGK920C,Lotlux,M,77,Somalia,37.231.90.141,3,gamer
981,01JMTV0S2QJ9F91CM0FQRZWNMM,Sonsing,M,94,Greece,14.101.203.20,464,boomer
982,01JMTV0S2RKFMWAMQSWJN5GQ33,Zontrax,M,29,France,144.138.114.144,417,gamer
983,01JMTV0S2SYTZ4Q9BEXCCWKQ3J,Viva,M,103,China,250.106.218.39,444,boomer
984,01JMTV0S2TV95SD8H1YXEMV179,Bytecard,F,84,Indonesia,240.126.110.246,685,boomer
985,01JMTV0S2TCFENSV13PEPPGT3Q,Sonsing,M,17,Vietnam,82.146.193.42,449,gamer
986,01JMTV0S2V9V9ZYFTJR2ZZV2FP,Greenlam,M,59,Czech Republic,148.197.140.179,156,boomer
987,01JMTV0S2WCTCMSTWJKMGXWH8A,Tin,M,12,Chile,55.154.230.28,532,gamer
988,01JMTV0S2WBQ2WM82MR23C8A44,Duobam,F,54,China,222.130.29.233,567,boomer
989,01JMTV0S2XM6BZF85H5Y65JW9J,Flexidy,M,34,Indonesia,185.142.94.179,433,gamer
990,01JMTV0S2YR8RXXANWR62Q1W24,Toughjoyfax,F,72,Armenia,55.128.78.219,770,boomer
991,01JMTV0S2YK7DWTT6MZ7A0MKGC,Stringtough,M,64,Canada,226.146.249.207,962,boomer
992,01JMTV0S2Z8YCJM1E407M05CQQ,Y-find,F,102,Thailand,110.149.75.204,366,boomer
993,01JMTV0S301VVADEWWANF6Y30P,Transcof,F,84,Ivory Coast,104.167.25.158,897,boomer
994,01JMTV0S30WNRD22QKK7TKY3QZ,Voyatouch,M,60,Kazakhstan,46.66.114.196,706,boomer
995,01JMTV0S31PKMA5NAGMJ0M37A5,Stronghold,M,84,Indonesia,251.29.79.115,875,boomer
996,01JMTV0S32P8J391FHCWZMJFNF,Prodder,F,47,Philippines,236.88.247.159,456,gamer
997,01JMTV0S32QVX88ADFF42ECK2Q,Sonsing,M,72,China,218.76.5.199,334,boomer
998,01JMTV0S3377B457TBTWSVB8GH,Bytecard,F,88,Afghanistan,210.107.44.142,433,boomer
999,01JMTV0S34YSJXJ7B34RQKG6NH,Prodder,F,15,Bangladesh,169.41.21.53,488,gamer
