,birth,death,gender,hair,height,name,race,realm,spouse,Corruptible
0,,,Female,,,Adanel,Men,,Belemir,no
1,TA 2978,"February 26 ,3019",Male,Dark (book) Light brown (movie),,Boromir,Men,,,yes
3,TA 280,TA 515,Male,,,Tarcil,Men,Arnor,Unnamed wife,yes
5,SA 2709,SA 2962,Male,,,Ar-Adûnakhôr,Men,Númenor,Unnamed wife,yes
6,,,Male,,,Annael,Elves,,,yes
7,YT,FA 455,Male,Golden,,Angrod,Elves,,Eldalótë,no
9,SA 3219,SA 3440,Male,,,Anárion,Men,Gondor,Unnamed wife,yes
10,SA 3118,Still alive,Male,,Tall,Ar-Pharazôn,Men,Númenor,Tar-Míriel,yes
11,SA 2876,SA 3102,Male,,,Ar-Sakalthôr,Men,Númenor,Unnamed wife,yes
12,SA 2960,SA 3177,Male,,,Ar-Gimilzôr,Men,Númenor,Inzilbêth,no
13,TA 2866,TA 2977,Male,,,Angelimir,Men,,Unnamed wife,no
15,"Late ,Third Age",,Male,,,Angbor,Men,,,yes
16,"Perhaps ,Firstborn",,,,,Nurwë,Elves,,,no
19,,FA 510,Male,,Tall,Penlod,Elves,,,no
20,"Early ,First Age",,Male,,Tallest of the Elves of Gondolin,Pengolodh,Elves,,,no
21,TA 654,TA 913,Male,,,Tarannon Falastur,Men,Gondor,Berúthiel,yes
22,SA 2277,SA 2637,Female,,,Tar-Vanimeldë,Men,Númenor,Herucalmo,yes
23,SA 1320,SA 1731,Female,,,Tar-Telperiën,Men,Númenor,,yes
24,SA 2136,SA 2526,Male,,,Tar-Telemmaitë,Men,Númenor,Unnamed wife,no
25,SA 1174,SA 1574,Male,,,Tar-Súrion,Men,Númenor,Unnamed wife,no
26,SA 3035,SA 3255,Male,,,Tar-Palantir,Men,Númenor,Unnamed wife,yes
27,SA 3117,SA 3319,Female,,,Tar-Míriel,Men,Númenor,Ar-Pharazôn,no
28,SA 1474,SA 1873,Male,,,Tar-Minastir,Men,Númenor,Unnamed wife,no
29,SA 350,SA 751,Male,,,Tar-Elendil,Men,Númenor,Unnamed wife,no
30,SA 2516,SA 2825,Male,,,Tar-Calmacil,Men,Númenor,Unnamed wife,yes
31,SA 1800,SA 2221,Male,,,Tar-Atanamir,Men,Númenor,Unnamed wife,yes
32,SA 543,SA 942,Male,,,Tar-Meneldur,Men,Númenor,Almarian,yes
33,SA 2618,SA 2899,Male,,,Tar-Ardamin,Men,Númenor,Unnamed wife,no
34,SA 1634,SA 2035,Male,,,Tar-Ciryatan,Men,Númenor,Unnamed wife,no
35,SA 1003,SA 1404,Male,,,Tar-Anárion,Men,Númenor,Unnamed wife,no
36,SA 873,SA 1285,Female,,,Tar-Ancalimë,Men,Númenor,Hallacar,no
37,SA 1986,SA 2386,Male,,,Tar-Ancalimon,Men,Númenor,Unnamed wife,yes
38,SA 192,SA 603,Male,,,Tar-Amandil,Men,Númenor,Unnamed wife,no
39,SA 2406,SA 2737,Male,,,Tar-Alcarin,Men,Númenor,Unnamed wife,yes
41,TA 2922,,Female,Dark,Tall,Morwen Steelsheen,Men,Rohan,Thengel,no
43,SA 799,"Early ,Second Age",Male,,,Soronto,Men,,,yes
44,SA 700,SA 1098,Male,,,Tar-Aldarion,Men,Númenor,Erendis,yes
45,"YT, and perhaps Firstborn",YT 1495,Male,Black,,Finwë,Elves,"Tirion,Formenos","Míriel Serindë then ,Indis",no
46,YT 1300,FA 465,Male,Golden,,Finrod,Elves,,"Loved ,Amarië but they never married",no
47,"YT during the ,Noontide of Valinor",FA 472,Male,Dark,,Fingon,Elves,Hithlum,,yes
48,YT 1190,FA 455,Male,Dark,,Fingolfin,Elves,"Hithlum,Beleriand",Anairë,no
49,TA 2950,TA 2988,Female,Dark,,Finduilas of Dol Amroth,Men,,Denethor II,yes
50,First Age,FA 495,Female,Golden,,Finduilas,Elves,,"None; betrothed to ,Gwindor, but never married.",no
51,Years of the Trees,,Female,,,Findis,Elves,,,no
52,Fourth Age,"sometime after ,FO 172",Male,,,Findegil,Men,,,no
53,YT 1230,Still Alive,Male,Golden,,Finarfin,Elves,Tirion,Eärwen,no
55,TA 2701,TA 2801,Male,,,Ferumbras Took II,Hobbits,,Unnamed wife,no
56,"Late ,Third Age","Early ,Fourth Age",Male,Brown (film),,Bill Ferny,Men,,,no
57,TA 2870,TA 2953,Male,,,Fengel,Men,Rohan,,yes
59,"Late ,Third Age","March 15 ,3019",Male,,,Fastred (Pelennor Fields),Men,,,no
60,TA 2858,TA 2885,Male,,,Fastred,Men,,,yes
61,SR 1210,,Male,,,Fastolph Bolger,Hobbits,Shire,Pansy Baggins,no
62,TA 2560,TA 2803,Male,,,Farin,Dwarves,,Unnamed wife,no
63,"Mid ,Third Age",TA 1944,Male,,,Faramir (son of Ondoher),Men,,,yes
64,TA 2983,"February 26 ,82",Male,Raven,,Faramir,Men,Minas Ithil,owyn,yes
71,"Late ,Third Age",,Male,,,Robin Smallburrow,Hobbits,,,no
72,TA 570,TA 830,Male,,,Siriondil,Men,Gondor,Unnamed wife,no
73,SA 521,,Female,,,Silmariën,Men,,Elatan,no
81,SR 1308,SR 1407,Male,,,Saradas Brandybuck,Hobbits,,,no
82,"Mid-,Third Age",,Male,,,Sangahyando,Men,,,no
83,TA 2920,FO 50,Male,,,Ted Sandyman,Hobbits,,,no
85,,Fate officially unknown,Male,,Short,Salgant,Elves,,,no
86,,,Male,,,Sagroth,Men,,,no
87,YT,FA 484,Male,,,Saeros,Elves,,,no
88,Fourth Age,,Male,,,Saelon,Men,,,no
89,"about ,FA 430",FA 495,Male,,,Sador,Men,,None known,no
90,SR 1179,,Male,,,Sadoc Brandybuck,Hobbits,,Unnamed wife,no
91,TA 2964,TA 3019,Male,Sandy,"1.22m (4'0"") ",Lotho Sackville-Baggins,Hobbits,,,no
94,TA 1126,TA 1366,Male,,,Rómendacil II,Men,Gondor,Unnamed wife,yes
95,YT,,Male,,,Rúmil (Noldo),Elves,,,no
96,TA 310,TA 541,Male,,,Rómendacil I,Men,Gondor,Unnamed wife,yes
97,c. T.A. 2328,,Female,,,Rían (Gondor),Men,,Unnamed husband,no
98,FA 450,FA 473,Female,,,Rían,Men,,Huor,yes
101,,,Male,,,Rúmil of Lórien,Elves,,,no
103,SR 1255,SR 1348,Male,,,Rudigar Bolger,Hobbits,Bree,Belba Baggins,no
106,TA 2849,"Late ,Third Age",Male,,,Rowan Greenhand,Hobbits,Shire,Belba Baggins,yes
108,,FA 510,Male,,,Rog,Elves,,,no
110,"Mid ,First Age",FA 460,Male,,,Ragnor,Men,,,yes
111,"Late ,First Age",Late First Age ,Male,,,Ragnir,Men,,,yes
112,"Late ,First Age",FA 460,Male,,,Radhruin,Men,,,no
117,TA 2904,TA 3005,Male,Brown Gray (movie),,Odo Proudfoot,Hobbits,,Mrs. Proudfoot,no
118,"Late ,Third Age",,Female,,,Mrs. Proudfoot,Hobbits,,Odo Proudfoot,yes
119,,FA 486,Male,,,Khîm,Dwarves,,,no
121,TA 2947,,Female,,,Ivriniel,Men,,,no
122,TA 2857,TA 2929,Female,Brown (film),,Ivorwen,Men,,Dírhael,no
123,SA 532,,Female,,,Isilmë,Men,,,no
124,"After ,SA 1320","Before ,SA 1731",Male,,,Isilmo,Men,,Unnamed wife,no
125,SA 3209,TA 2,Male,Black,Very tall almost 7'1,Isildur,Men,"Arnor,Gondor",Unnamed wife,yes
126,TA 2832,TA 2930,Male,,,Isengrim Took III,Hobbits,,Not married,no
127,TA 2842,TA 2946,Male,,,Isembold Took,Hobbits,,Unnamed wife ,yes
129,"b. ,TA 2990","Early-,Fourth Age",Male,,,Iorlas,Men,,,yes
130,"Late ,Third Age",,Female,,,Ioreth,Men,,,yes
131,"Late ,Second Age",,Female,,,Inzilbêth,Men,,Ar-Gimilzôr,no
134,"YT, and perhaps firstborn",Still Alive,Male,Probably Golden,Tall,Ingwë,Elves,"Valinor,Taniquetil",Unnamed wife,no
135,"Late ,Third Age","Early ,Fourth Age",Male,,,Ingold,Men,,,yes
136,"Mid ,First Age",FA 495,Male,,,Indor,Men,,Unnamed wife,no
137,,Still Alive,Female,Golden,Tall,Indis,Elves,Tirion,Finwë,yes
138,TA 1950,TA 2076,Male,,,Imrazôr,Men,,Mithrellas,yes
139,TA 2955,FO 34,Male,Black,Tall,Imrahil,Men,,Unnamed wife,no
140,around FA 325,First Age,Male,,,Imlach,Men,,Unnamed wife,yes
141,"Unknown, Awakened in the ,Years of the Trees",,Female,,,Iminyë,Elves,,Imin,no
142,"Unknown, Awakened in the ,Years of the Trees",,Male,,,Imin,Elves,,Iminyë,yes
145,YT 1469,Still Alive,Female,Golden,Tall,Idril,Elves,,Tuor,yes
146,,FA 489,Male,,,Ibûn,Dwarves,,"Unknown, possibly none",yes
147,"Mid-,Third Age","Mid-,Third Age",Male,,,Húrin of Emyn Arnen,Men,,,no
148,TA 2515,TA 2628,Male,,,Húrin II,Men,,Unnamed wife,no
149,TA 2124,TA 2244,Male,,,Húrin I,Men,,Unnamed wife,yes
150,FA 441,FA 502,Male,"Golden, grey (in old age)",,Húrin,Men,,Morwen Eledhwen,yes
151,"Late ,Third Age","Winter of ,TA 2759",Male,,,Háma (Helm's son),Men,,,yes
152,TA 2975,"March 3, or ,4 ,3019",Male,Reddish brown (movie),,Háma,Men,,"Unknown, possibly none",yes
153,TA 1391,TA 1621,Male,,,Hyarmendacil II,Men,Gondor,Unnamed wife,no
154,TA 899,TA 1149,Male,,,Hyarmendacil I,Men,Gondor,Unnamed wife,no
156,FA 442,FA 473,Male,Golden,Tallest of all mortal men save his son Tuor only,Huor,Men,,Rían,yes
157,"Late ,FA",FA 499,Male,,,Hunthor,Men,,Unnamed wife,yes
158,"Late ,First Age",FA 473,Male,,,Hundar,Men,,Unnamed wife,yes
159,"Mid ,FA",Mid FA ,Male,,,Hundad,Men,,Unnamed wife,no
162,"Late ,Third Age","Late ,TA 3018",Male,,,Tobias Hornblower,Hobbits,Shire,,no
164,"Possibly late ,Third Age","March 15 ,TA 3019",Male,Blond (Video game),,Horn,Men,,,no
166,YT,FA 400,Male,Dark,Tall,Eöl,Elves,Nan Elmoth,Aredhel,no
167,Years of the Trees,Still alive,Female,Star-like ,,Eärwen,Elves,,Finarfin,yes
168,TA 1928,TA 2050,Male,,,Eärnur,Men,Gondor,,yes
169,TA 1883,TA 2043,Male,,,Eärnil II,Men,Gondor,Unnamed wife,yes
170,TA 736,TA 936,Male,,,Eärnil I,Men,Gondor,Unnamed wife,yes
171,SA 361,"Early ,Second Age",Male,,,Eärendur of Númenor,Men,,Unnamed wife,yes
173,"Late ,Second Age",Late Second Age,Male,,,Eärendur (Lord of Andúnië),Men,,,yes
174,TA 48,TA 324,Male,,,Eärendil of Gondor,Men,Gondor,Unnamed wife,yes
177,"Late ,Second Age","Early ,Third Age",Male,,,Estelmo,Men,,,no
178,"Late ,Third Age","early ,Fourth Age",Male,,Tall,Erkenbrand,Men,,,no
179,,,Male,,,Erestor,Elves,,,no
180,SA 771,SA 985,Female,Dark,,Erendis,Men,Númenor,Tar-Aldarion,no
181,unknown,unknown,Male,,,Erellont,Elves,,unknown,yes
182,TA 2990,"Early ,Fourth Age",Male,,,Erchirion,Men,,,yes
183,TA 1999,TA 2116,Male,,,Eradan,Men,,Unnamed wife,yes
184,TA 2995,FO,Female,Pale gold,Tall,owyn,Men,,Faramir,yes
185,TA 2485,TA 2545,Male,Blond,,Eorl the Young,Men,Rohan,Unnamed wife,no
186,TA 2990,FO 63,Male,Dirty blond,Tall-6'6,omer,Men,Rohan,Lothíriel after the War of the Ring,yes
187,"Unknown, possibly in the ,First Age",,Male,,,Enerdhil,Elves,,,no
188,"Unknown, Awakened in the ,Years of the Trees",,Female,,,Enelyë,Elves,,Enel,no
189,"Unknown, Awakened in the Years of the Trees",,Male,,,Enel,Elves,,Enelyë,no
190,FA 406,,Female,,,Emeldir,Men,,Barahir,no
192,FA 500,FA 506,Male,Possibly dark,,Eluréd and Elurín,Elves,,,yes
195,TA 2987,FO 57,Male,,,Elphir,Men,,Unnamed wife,no
197,TA 130,,Male,Dark,Tall,Elladan and Elrohir,Elves,,,no
198,FO 8,FO 103,Male,,,Elfwine,Men,Rohan,,yes
199,TA 2950,TA 2978,Female,,,Elfhild,Men,Rohan,Théoden,no
200,TA 2985,"Early ,Fourth Age",Male,Dark,,Elfhelm,Men,,,yes
201,YT,YT 1500,Female,Golden,Tall,Elenwë,Elves,,Turgon,no
202,TA 552,TA 777,Male,,,Elendur of Arnor,Men,Arnor,Unnamed wife,yes
203,SA 3299,TA 2,Male,,,Elendur,Men,,Unnamed wife,yes
204,SA 3119,SA 3441 ,Male,Brown,"7' 10""",Elendil,Men,"Arnor,Gondor",Unnamed wife,yes
205,,Presumably still alive,,,,Elemmírë (elf),Elves,,,yes
206,,"FA 510,(presumably)",Male,,,Elemmakil,Elves,,,yes
207,FO 43,"Before ,FO 220",Male,Dark,,Eldarion,Men,"Reunited Kingdom,Arnor,Gondor",,no
208,YT,,Female,,,Eldalótë,Elves,,Angrod,yes
209,TA 1255,TA 1490,Male,,,Eldacar (King of Gondor),Men,Gondor,Unnamed wife,no
210,TA 87,TA 339,Male,,,Eldacar (King of Arnor),Men,Arnor,Unnamed wife,yes
211,,,Male,,,Elboron,Men,,,no
212,"Early ,Second Age",Early Second Age ,Male,,,Elatan,Men,,Silmariën,yes
213,"Mid ,First Age","Between ,FA 455, - ,FA 460",Female,,,Eilinel,Men,,Gorlim,no
214,"Late ,Third Age",Late Third Age,Female,,,Eglantine (Banks) Took,Hobbits,,Paladin Took II,no
215,,FA 538,Male,,,Egalmoth (elf),Elves,,"Unknown, possibly none",yes
216,TA 2626,TA 2743,Male,,,Egalmoth,Men,,Unnamed wife,no
218,,FA 510,Male,Dark,,Ecthelion of the Fountain,Elves,,,no
219,TA 2886,TA 2984,Male,,,Ecthelion II,Men,,Unnamed wife,yes
220,TA 2600,TA 2698,Male,,,Ecthelion I,Men,,Possibly none,yes
222,"Late ,Third Age","March 15 ,3019",Male,,,Dúnhere,Men,,,no
223,TA 2760,"After ,TA 2941",Female,,,Dís,Dwarves,,,no
224,"Late ,First Age",Late First Age ,Male,,,Dírhavel,Men,,,no
225,TA 2838,"After ,TA 2929",Male,Brown (film),,Dírhael,Men,,Ivorwen,yes
226,"Late ,Third Age","March 15 ,3019",Male,,,Déorwine,Men,,,yes
228,"Between TA 2400 and ,TA 2430",TA 2463,Male,Dark-brown,,Déagol,Hobbits,,,no
229,TA 3011,,Male,,,Borlas,Men,,Unnamed wife,yes
230,"Late ,First Age",FA 473,Male,,,Borlad,Men,,Unnamed wife,yes
231,TA 1879,TA 1998,Male,,,Pelendur,Men,,,no
233,TA 2910,TA 3012,Male,,"1.22m (4'0"")",Otho Sackville-Baggins,Hobbits,,Lobelia Sackville-Baggins,no
234,TA 222,TA 492,Male,,,Ostoher,Men,Gondor,Unnamed wife,yes
236,,,Male,,,Orophin,Elves,,,no
237,First Age,SA 3434,Male,,,Oropher,Elves,Woodland Realm,Unnamed wife,yes
239,SA 382,,Male,,,Oromendil,Men,,,no
240,TA 2576,TA 2685,Male,,,Orodreth (Steward),Men,,Unnamed wife,no
241,YT,"FA 495 ,Battle of Tumhalad",Male,Golden,,Orodreth,Elves,Nargothrond,Unnamed wife,no
243,TA 2865,TA 2994,Male,,,Ori,Dwarves,,,no
245,"Sometime before ,SA 799",,Male,,,Orchaldor,Men,,Ailinel,no
246,TA 1787,TA 1944,Male,,,Ondoher,Men,Gondor,Unnamed wife,yes
247,Possibly Firstborn,Still Alive,Male,Silver,,Olwë,Elves,"Tol Eressëa,Alqualondë",Unnamed Wife,yes
248,TA 2923,"Early ,Fourth Age",Male,,,Old Noakes,Hobbits,,Unnamed wife,no
250,"Late ,Second Age",,Male,,,Ohtar,Men,,,no
251,"Early ,Second Age",,Female,,,Núneth,Men,,Beregar,yes
252,Late Second Age ,SA 3065,Male,,,Númendil,Men,,Unnamed wife,yes
253,"Late ,Third Age",Late Third Age ,Male,,,Nár,Dwarves,,,yes
254,"Late ,Third Age",TA 2994,Male,,,Náli,Dwarves,,,no
255,TA 2338,TA 2585,Male,,,Náin II,Dwarves,Grey Mountains,Unnamed wife,no
256,TA 1832,TA 1981,Male,,,Náin I,Dwarves,Khazad-dûm,Unnamed wife,no
257,TA 2665,TA 2799,Male,,,Náin (father of Dáin II Ironfoot),Dwarves,,Unnamed wife,yes
258,"Late ,Third Age",,Male,,,Hob Hayward,Hobbits,Shire,,no
260,"Late ,Third Age","March 15 ,3019",Male,,Tall,Hirluin,Men,,,no
262,"Late ,Third Age",TA 3019,Male,,Tall,Hirgon,Men,,,yes
263,FO 41,,Male,,,Herumor (Fourth Age),Men,,,yes
264,Second Age,,Male,,,Herumor,Men,,,yes
265,SA 2286,SA 2657,Male,,,Herucalmo,Men,,Tar-Vanimeldë,no
266,"Late-,Third Age","March 15 ,3019",Male,,,Herubrand,Men,,Unnamed wife,yes
267,TA 2037,TA 2148,Male,,,Herion,Men,,Unnamed wife,yes
268,,,Male,,,Hendor,Elves,,,no
269,"Late-,Third Age","March 15 ,3019",Male,Gray,,Herefara,Men,,Unnamed wife,no
270,"Early ,Second Age",unknown,Male,,,Henderch,Men,,,yes
271,TA 2691,TA 2759,Male,,,Helm Hammerhand,Men,Rohan,Unnamed wife,yes
273,"Sometime before ,SA 799",,Male,,,Hatholdir,Men,,Unnamed wife,no
274,F.A. 365,,Male,,,Hathol,Men,,,yes
275,"Mid ,First Age",FA 460,Male,,,Hathaldir,Men,,,no
276,FA 419,,Female,,,Hareth,Men,,Galdor,no
277,"Late ,Third Age","March 15 ,3019",Male,,,Harding,Men,,,no
278,FA 470,FA 501,Male,,,Hardang,Men,,,yes
279,FA 441,FA 495,,,,Handir,Men,Brethil,Beldis,no
281,"Late ,First Age",Late First Age ,Male,,,Halmir,Men,,Unnamed wife,yes
282,SA 711,"Mid ,Second Age",Male,,,Hallatan,Men,,Unnamed wife,yes
283,TA 2480,TA 2605,Male,,,Hallas (Steward),Men,,Unnamed wife,no
284,SA 852,SA 1211,Male,,,Hallacar,Men,,Tar-Ancalimë,yes
285,"Late ,Third Age","Winter of ,TA 2758",Male,,,Haleth (Helm's son),Men,,,yes
286,FA 341,FA 420,Female,,,Haleth,Men,,,yes
287,,TA 3019,Male,Golden,,Haldir (Lorien),Elves,,,no
288,FA 413,FA 473,Male,,,Haldir (Haladin),Men,,Glóredhel,no
291,TA 2916,"March 15 ,3019",Male,Black,Tall,Halbarad,Men,,,no
292,FA 390,FA 455,Male,Golden,,Hador,Men,,Gildis,no
293,"Late-,Third Age","February 28 ,3019",Male,,,Gárulf,Men,,,yes
294,TA 2245,TA 2395,Male,,,Hador (Steward),Men,,Unnamed wife,yes
295,TA 2767,"March 17 ,3019",Male,,4'5 - 5' (Estimate) ,Dáin II Ironfoot,Dwarves,Lonely Mountain,Unnamed wife,no
296,TA 2440,TA 2589,Male,,,Dáin I,Dwarves,Grey Mountains,Unnamed wife,no
297,TA 2772,FO 91,Male,Brown,,Dwalin,Dwarves,,,no
299,FO 2,,Male,,,Durin VII,Dwarves,Khazad-dum,,no
301,"Late-,Third Age","Early-,Fourth Age",Male,Dark (Decipher Card),Tall,Duinhir,Men,,Unnamed wife,yes
302,"Late ,Third Age",TA 3019,Male,,,Duilin,Men,,,yes
304,"Late ,First Age",FA 499,Males,,,Dorlas,Men,,,yes
305,TA 2827,,Male,Gray (film),,Dori,Dwarves,,,no
306,,,Male,,,Dodinas Brandybuck,Hobbits,,,no
307,TA 2328,TA 2435,Male,,,Dior (Steward),Men,,Possibly none,yes
310,SR 1316,SR 1410,Male,,,Dinodas Brandybuck,Hobbits,,,no
311,TA 2995,"Before ,FO 63",Female,Brown (film),,Diamond Took,Hobbits,,Peregrin Took,no
312,"Late ,Third Age",,Male,,,Dervorin,Men,,,yes
313,"Late ,Third Age","Mid ,March ,3019",Male,,,Derufin,Men,,,no
314,TA 2930,"March 15 ,3019",Male,"Dark, grey (in old age)",,Denethor II,Men,,Finduilas,no
315,TA 2375,TA 2477,Male,,,Denethor I,Men,,Unnamed wife,yes
316,YT,YT 1497,Male,,,Denethor (First Age),Elves,Ossiriand,,no
317,"Late ,Third Age",TA 3019,Male,Dark,,Damrod,Men,,,yes
319,"Late ,First Age",FA 460,Male,,,Dairuin,Men,,,yes
320,YT,,Male,Dark ,,Daeron,Elves,,,yes
321,"YT, 1050. Age = 11,484.9 Sun Years or 1,198.6 Valian Years as of FO 121 (death of Arwen).","Still alive, sailed into the ,West, sometime during the ,Fourth Age last of all elves to leave ,Middle-earth,.",Male,"Silver, bearded",Very tall,Círdan,Elves,,Presumably none,no
322,"During the ,Noontide of Valinor",FA 506,Male,Dark,,Curufin,Elves,Himlad,Unnamed wife,yes
323,TA 2238,TA 2488,Male,,,in (King of Durin's Folk),Men,Grey Mountains,Unnamed wife,yes
324,TA 2774,TA 2994,Male,,,in,Dwarves,,,no
326,"Early ,First Age",,Male,,,bal,Men,,,yes
327,YT,,Female,,,rimë,Elves,,,no
328,SA 700,,Female,,,rildë,Men,,,yes
329,"Late ,Third Age",,Male,,,othain,Men,,,yes
330,TA 2961,TA 3002,Male,Blond,,omund,Men,,Théodwyn,yes
331,"c. ,TA 2544",,Male,,,ofor,Men,,Unnamed wife,yes
332,"Early ,Second Age",Early Second Age ,Female,White or grey,,Zamîn,Men,,,no
333,SA 371,,Female,,,Yávien,Men,,,yes
335,"Late-,Third Age","Early-,Fourth Age",Male,,,Wídfara,Men,,Unnamed wife,no
336,"Late ,Third Age",TA 2759,Male,,,Wulf I,Men,Rohan,,yes
337,"Late ,First Age",FA 473,Male,,,Borlach,Men,,,no
339,TA 2834,,Male,Ginger,,Bombur,Dwarves,,,no
342,TA 2904,TA 3000,Male,,,Wilibald Bolger,Hobbits,,Prisca Baggins,no
345,TA 2938,,Female,,,Rosamunda (Took) Bolger,Men,,Odovacar Bolger,yes
347,TA 2935,FO 10,Male,,,Odovacar Bolger,Hobbits,,Rosamunda Took,no
348,TA 2897,"Late ,Third Age",Female,,,Jessamine (Boffin) Bolger,Hobbits,,Herugar Bolger,no
350,TA 2980,"Early ,Fourth Age",Male,,,Fredegar Bolger,Hobbits,,"unknown, possibly unmarried",yes
351,TA 2942,FO 22,Male,Brown (movie),,Filibert Bolger,Hobbits,,Poppy Chubb-Baggins,no
355,TA 2843,,Male,Dark Brown (films),,Bofur,Dwarves,,,yes
357,TA 2988,"Early-,Fourth Age",Male,,,Tosto Boffin,Hobbits,,,no
358,TA 2860,,Male,,,Rollo Boffin,Hobbits,,Lavender Grubb,no
359,TA 2812,TA 2900,Male,,,Otto Boffin,Hobbits,,Lavender Grubb,no
361,TA 2894,TA 2986,Male,,,Jago Boffin,Hobbits,,Unnamed wife,no
362,"Late ,Third Age",Late Third Age ,Female,,,Ivy (Goodenough) Boffin,Hobbits,,Buffo Boffin,no
363,TA 2854,TA 2945,Male,,,Hugo Boffin,Hobbits,,Donnamira Took,no
365,TA 2946,,Male,,,Griffo Boffin,Hobbits,,Daisy Baggins,no
366,TA 2904,TA 3004,Female,,,Gerda (Boffin) Bolger,Hobbits,,Adalbert Bolger,no
367,TA 2978,"Early ,Fourth Age",Male,,,Folco Boffin,Hobbits,,,no
368,"before ,TA 2860",,Female,,,Druda Burrows Boffin,Hobbits,,Rollo Boffin,no
369,TA 2950,,Female,,,Daisy (Baggins) Boffin,Hobbits,,Griffo Boffin,no
370,"Late ,Third Age","Late ,Third Age",Male,,,Buffo Boffin,Hobbits,,Ivy Goodenough,no
372,TA 2767,TA 2858,Male,,,Bosco Boffin,Hobbits,,Unnamed wife,yes
373,TA 2769,,Male,,,Basso Boffin,Hobbits,,,yes
374,TA 2856,TA 2948,Female,,,Donnamira (Took) Boffin,Hobbits,,Hugo Boffin,no
376,"Late ,Third Age","Early ,Fourth Age",Male,,,Bob,Hobbits,,,yes
377,TA 1560,"Sometime after ,TA 1601",Male,,,Blanco,Hobbits,,,no
378,,Late Third Age ,Male,,,Bladorthin,Men,"Lake-town,Dale,Rhûn,Dorwinion",,no
379,"Late ,Third Age","March 15 ,3019",Male,,,Black Serpent,Men,,,yes
381,"22 September ,TA 2890","Unknown (Last sighting 29 SeptemberTA 3021,) (,SR 1421,)",Male,"Brown, later white","1.25m (4'1"")",Bilbo Baggins,Hobbits,,,yes
382,TA 2814,UnknownFourth Age,Male,Black/ Grey (film),"4'5"" (film)",Bifur,Dwarves,,,yes
383,"Early  ,Third Age",,Female,,,Berúthiel,Men,Gondor,Tarannon Falastur,yes
384,TA 3009,,Male,,,Bergil,Men,,,no
385,TA 2655,TA 2763,Male,,,Beren (Steward),Men,,Unnamed wife,yes
386,FA 432,FA 466,Male,Dark,Tall,Beren,Men,,Lúthien Tinúviel,yes
387,"Early ,Fourth Age",,Male,,,Berelach,Men,,,yes
388,"Mid ,First Age",,Male,,,Beren (Belemir's son),Men,,Unnamed wife,yes
389,TA 2837,,Male,,,Nori,Dwarves,,,yes
390,SA 222,"Early ,Second Age",Male,,,Nolondil,Men,,Unnamed wife,yes
391,"Late ,Third Age",,Male,,,Nob,Hobbits,,,no
392,FA 473,FA 499,Female,Golden,Tall,Niënor,Men,,Túrin Turambar,yes
393,SR 1261,,Female,,,Nina Lightfoot,Hobbits,Shire,Theobald Bolger,yes
394,YT,TA 1981,Female,Possibly golden,,Nimrodel,Elves,,"Loved ,Amroth",no
395,"Unknown, possibly sometime during the ,Years of the Trees",FA 506,Female,,,Nimloth (elf),Elves,Doriath,Dior Eluchíl,no
398,SA 840,"Mid ,Second Age",Female,,,Nessanië,Men,,,yes
400,"YT, during the ,Noontide of Valinor",Still alive,Female,Reddish brown,,Nerdanel,Elves,,Fëanor,no
401,,,Female,,,Nellas,Elves,,,no
404,,FA 503,Male,,,Naugladur,Dwarves,,,no
405,TA 1684,TA 1856,Male,,,Narmacil II,Men,,Unnamed wife,no
406,TA 1049,TA 1294,Male,,,Narmacil I,Men,Gondor,"Unknown, possibly none as he had no children",yes
409,"Early ,First Age",FA 502,Male,,,Mîm,Dwarves,,Unnamed wife,yes
411,,YT 1170,Female,Silver,,Míriel,Elves,,Finwë,no
412,First Age,"Probably died on ,March 25TA 3019, during destruction of ,Mordor",Male,Most likely black or none,"6' 7"" (2.01 m)",Mouth of Sauron,Men,,,no
414,"Perhaps ,Firstborn",,,,,Morwë,Elves,,,yes
415,"Late 26th century ,Third Age","Late ,Third Age",Female,,,Morwen (Gondor),Men,,Unnamed husband,yes
416,FA 443,FA 500,Female,"Dark, grey in old age",Tall,Morwen,Men,,Húrin Thalion,no
417,,,Female,,,Mithrellas,Elves,,Imrazôr,no
419,TA 1454,TA 1634,Male,,,Minardil,Men,Gondor,Unnamed wife,yes
420,"Mid ,Third Age","July 13 ,1944",Male,,,Minohtar,Men,,,no
421,SR 1381,"Early-,Fourth Age",Male,,,Merimas Brandybuck,Hobbits,,,no
422,YT,"Unknown, presumably still alive",Female,,,Meril-i-Turinqi,Elves,Tol Eressëa,,yes
424,SA 3318,TA 158,Male,,,Meneldil,Men,Gondor,Unnamed wife,yes
428,Around FA 450 ,,Female,,,Meleth,Men,,Agathor,yes
430,TA 2890,TA 2941,Male,Auburn (film),"Tall (6'4"")",Master of Laketown,Men,Lake-town,,yes
432,SR 1343,,Male,,,Marmadas Brandybuck,Hobbits,,Unnamed wife,no
433,"Mid-,Third Age",Mid-Third Age ,Male,,,Marhwini,Men,,Unnamed wife,yes
434,"Mid ,Third Age",TA 1856,Male,,,Marhari,Men,,Unnamed wife,yes
435,TA 1557,"Sometime after ,TA 1601",Male,,,Marcho,Hobbits,,,no
436,TA 1960,TA 2080,Male,,,Mardil Voronwë,Men,,Unnamed wife,yes
437,FA 282,FA 376,Male,,,Marach,Men,,Unnamed wife,yes
439,"After ,SA 61","Early ,Second Age",Male,,,Manwendil,Men,,Possible unnamed wife,yes
440,"Late ,First Age",Late First Age ,Male,,,Manthor,Men,,,no
442,TA 2940,TA 3015,Male,,,Gálmód,Men,,Unnamed wife,yes
443,"Unknown, possibly during the ,First Age",FA 495,Male,Became grey in captivity,,Gwindor,Elves,,"None, betrothed to ,Finduilas",no
445,"Late ,Third Age","March 15 ,3019",Male,Blond,,Guthláf,Men,,,no
446,"Mid ,First Age",FA 456,Male,,,Gundor,Men,,,yes
447,,,Male,,,Guilin,Elves,,Unnamed wife,no
448,TA 2563,TA 2805,Male,,,Grór,Dwarves,,Unnamed wife,yes
449,TA 2671,TA 2923,Male,,,Gróin,Dwarves,,Unnamed wife,yes
450,"Mid ,First Age",FA 474,Male,,,Grithnir,Men,,,no
452,"Late ,Third Age","March 15 ,3019",Male,,,Grimbold,Men,,,yes
454,TA 2862,,Female,,,Rose Greenhand,Hobbits,,Cotman Cotton,yes
455,TA 2810,,Male,,,Holman Greenhand,Hobbits,,,no
456,TA 2859,,Male,,,Hending Greenhand,Hobbits,,,no
457,TA 2851,,Male,,,Halfred Greenhand,Hobbits,,,no
458,TA 2854,,Male,,,Erling Greenhand,Hobbits,,,no
461,TA 2668,TA 2741,Male,,,Gram,Men,Rohan,Unnamed wife,no
465,SR 1134,SR 1236,Male,,,"Gormadoc ""Deepdelver"" Brandybuck",Hobbits,Buckland,Malva Headstrong,no
466,TA 2274,,Male,,,Gorhendad (Oldbuck) Brandybuck,Hobbits,,Unnamed wife,no
468,TA 2908,"Before ,TA 3001",Male,,,Gorbulas Brandybuck,Hobbits,,Unnamed wife,yes
473,TA 2430,"March 25 ,3019",Male,,,Gollum,Hobbits,,,yes
476,TA 2619,TA 2699,Male,,,Goldwine,Men,Rohan,,no
478,"Late ,Third Age",,Male,,,Golasgil,Men,,,no
479,"Late ,Third Age","Presumably sometime after ,TA 3019",Male,,,Harry Goatleaf,Men,,,yes
480,FA 415,FA 473,Female,Blonde,,Glóredhel,Men,,Haldir,yes
481,TA 2136,TA 2385,Male,,,Glóin (King of Durin's Folk),Dwarves,Grey Mountains,Unnamed wife,no
482,TA 2783,FO 15,Male,"Red, later White",,Glóin,Dwarves,,Unnamed wife,no
483,"Late ,Third Age",,Male,,,Gléowine,Men,,,yes
484,"Possibly ,YT",FA 510,Male,Golden,Tall,Glorfindel,Elves,,,no
485,"Unknown, late fifth or sixth century ,First Age",,Male,,,Glirhuin,Men,,,no
487,TA 2732,TA 2770,Male,,,Girion,Men,,Unnamed wife,no
489,TA 2879,"Unknown (Departed to ,Aman ,FO 120,)",Male,Auburn,,Gimli,Dwarves,,,yes
490,SA 2630,,Male,,,Gimilzagar,Men,,,no
491,SA 3044,SA 3243,Male,,,Gimilkhâd,Men,,Unnamed wife,no
492,TA 2907,TA 3007,Female,Blonde (film),"Unknown (book) 1.66m (5'5"") (film)",Gilraen,Men,,Arathorn II,no
494,,Presumably still alive,Male,,,Gilfanon,Elves,,,no
496,"Late ,First Age",FA 460,Male,,,Gildor (Edain),Men,,,yes
497,FA 450,SA 3441,Male,Possibly golden (book) Dark brown (movie),Tall,Gil-galad,Elves,"Havens of Sirion,Lindon",,no
498,First Age,,Female,,,Gildis,Men,,"Hador, Lórindol",no
500,,,Male,,,Gelmir (of Angrod's kin),Elves,,,no
503,"Mid ,First Age",,Male,,,Gethron,Men,,,yes
504,,FA 473,Male,,,Gelmir,Elves,,,no
507,TA 2941,FO 20,Male,,,Tolman Cotton,Hobbits,,Lily Brown,no
508,TA 2984,FO 61,Female,Light brown (film),,Rosie Cotton,Hobbits,,Sam Gamgee,yes
509,TA 2983,,Female,,,Marigold (Gamgee) Cotton,Hobbits,,Tolman Cotton,no
510,"Late ,Third Age",,Female,,,Lily Cotton,Hobbits,,Farmer Cotton,no
512,TA 2886,,Male,,,Bowman Cotton,Hobbits,,,no
513,TA 2980,FO 60,Male,,,Tolman Cotton Jr.,Hobbits,,Marigold Cotton,no
516,SA 3379,TA 2,Male,,,Ciryon,Men,,"Unknown, possibly known",yes
517,"Mid ,Second Age","After ,SA 1700",Male,Black,Tall,Ciryatur,Men,,,yes
518,TA 820,TA 1015,Male,,,Ciryandil,Men,Gondor,Unnamed wife,yes
519,TA 2449,TA 2567,Male,,,Cirion,Men,,Unnamed wife,yes
521,TA 2903,TA 2999,Male,,,Falco Chubb-Baggins,Hobbits,,Unnamed wife,no
522,"Late ,Third Age",,Male,,,Ceorl,Men,,,yes
523,SA 575,,Male,,,Cemendur (son of Axantur),Men,,Unnamed wife,no
524,SA 3399,TA 238,Male,,,Cemendur,Men,Gondor,Unnamed wife,yes
525,TA 979,TA 1191,Male,,,Celepharn,Men,Arthedain,Unnamed wife,yes
526,"During in the ,Noontide of Valinor",FA 506,Male,Fair,,Celegorm,Elves,,,no
527,"Between the years ,SA 350, and SA 400","Still alive; Departed to ,Aman, in ,TA 2510",Female,Possibly silver,,Celebrían,Elves,,Elrond,yes
528,TA 1062,TA 1272,Male,,,Celebrindor,Men,Arthedain,Unnamed wife,yes
529,YT,"SA 1697 ,War of the Elves and Sauron",Male,Dark,,Celebrimbor,Elves,Eregion,,no
530,YT,"Still alive, departed over the sea in the early Fourth Age",Male,Silver,Tall,Celeborn,Elves,"Eregion,Lothlórien,Caras Galadhon",Galadriel,no
531,TA 1259,TA 1447,Male,,,Castamir the Usurper,Men,Gondor,Unnamed wife,no
534,"During the ,Noontide of Valinor",FA 506,Male,Dark,,Caranthir,Elves,,Unnamed wife,no
535,TA 1058,TA 1304,Male,,,Calmacil,Men,Gondor,Unnamed wife,yes
536,SA 512,SA 900,Male,,,Caliondo,Men,,Unnamed wife,yes
538,TA 1736,TA 1936,Male,,,Calimehtar,Men,Gondor,Unnamed wife,yes
539,"Late ,First Age",FA 473,Male,,,Bór,Men,,Unnamed wife,no
540,FA 262,FA 355,Male,,,Bëor,Men,,Unnamed wife,no
541,"Late ,Third Age","Early ,Fourth Age",Male,Brown (movie),,Barliman Butterbur,Men,,,yes
544,TA 2974,"November 3 ,3019",Male,Black,,Gríma Wormtongue,Men,,,no
547,"Late ,Third Age","Early ,TA 3019",Male,,,Willie Banks,Hobbits,Bree,,yes
553,TA 2780,TA 2851,Male,,,Walda,Men,,Unnamed wife,yes
554,SA 425,"Early ,Second Age",Male,,,Vëantur,Men,,Unnamed wife,no
556,First Age,,Male,,,Voronwë,Elves,,None known,no
557,TA 1919,TA 2029,Male,,,Vorondil,Men,,Unnamed wife,no
558,"Before ,TA 1255",TA 1344,Female,,,Vidumavi,Men,,Valacar,no
559,"Mid-,Third Age",,Male,,,Vidugavia,Men,Rhovanion,Unnamed wife,yes
560,SA 203,"Early ,Second Age",Female,,,Vardilmë,Men,,,yes
561,SA 61,SA 471,Male,,,Vardamir Nólimon,Men,Númenor,Unnamed wife,yes
563,TA 462,TA 652,Male,,,Valandur,Men,Arnor,Unnamed wife,no
564,"Early ,Second Age","Early ,Second Age",Male,,,Valandil of Andúnië,Men,,,no
565,SA 3430,TA 249,Male,,,Valandil,Men,Arnor,Unnamed wife,yes
566,TA 1194,TA 1432,Male,,,Valacar,Men,Gondor,Vidumavi,yes
567,YT,,Female,,,Vairë (Elf),Elves,,Lindo,yes
569,"Late ,First Age",FA 460,Male,,,Urthel,Men,,,yes
571,"Mid ,First Age",FA 473,Male,,,Ulwarth,Men,,,no
574,"Mid ,First Age",FA 473,Male,,,Ulfast,Men,,,no
575,"Late ,First Age",FA 473,Male,,,Ulfang,Men,,Unnamed wife,yes
576,"Mid ,First Age",FA 473,Male,,,Uldor,Men,,,no
577,"Early ,Second Age",Mid Second Age ,Male,,,Ulbar,Men,,Unnamed wife,no
581,TA 2815,TA 2914,Male,,,Túrin II,Men,,Unnamed wife,no
582,TA 2165,TA 2278,Male,,,Túrin I,Men,,Unnamed wife,yes
583,FA 464,FA 499,Male,Dark,Tall,Túrin,Men,,Nienor,yes
585,TA 2855,TA 2953,Male,,,Turgon (Steward),Men,,Unnamed wife,yes
586,YT 1300,FA 510,Male,Dark,,Turgon,Elves,"Nevrast,Gondolin",Elenwë,no
587,TA 397,TA 667,Male,,,Turambar,Men,Gondor,Unnamed wife,yes
588,FA 472,None; sailed into the West and was accounted amongst the Eldar,Male,Golden,Tall,Tuor,Men,,Idril Celebrindal,yes
589,YT,,Male,,,Tulkastor,Elves,,Unnamed wife,no
592,TA 2890,TA 2981,Male,,,Sigismond Took,Hobbits,,Unnamed wife,yes
593,SR 1256,,Female,,,Rosa (Baggins) Took,Hobbits,,Hildigrim Took,yes
594,TA 2976,Fourth Age,Male,,,Beregond (Captain),Men,,Unnamed wife,yes
595,TA 2700,TA 2811,Male,,,Beregond,Men,,Unnamed wife,yes
596,FA 340,,Male,,,Bereg,Men,,,yes
598,FA 292,,Male,,,Belen,Men,,Unnamed wife,no
599,FA 339,,Male,,,Belemir,Men,,Adanel,no
600,"Late ,First Age",FA 460,Male,,,Belegund,Men,,Unnamed wife,yes
601,TA 2074,TA 2204,Male,,,Belegorn,Men,,Unnamed wife,no
602,TA 811,TA 1029,Male,,,Beleg of Arnor,Men,"Arnor,Arthedain",Unnamed wife,yes
603,,FA 489,Male,,,Beleg,Elves,,,no
604,TA 2752,TA 2872,Male,,,Belecthor II,Men,,Unnamed wife,no
605,TA 2545,TA 2655,Male,,,Belecthor I,Men,,Unnamed wife,yes
606,"Mid-,First Age",,Female,Brown,,Beldis,Men,,Handir,yes
607,FA 316,,Male,,,Beldir,Men,,Unnamed wife,no
609,TA 2985,"Early ,Fourth Age",Male,,"6'2""",Bard II,Men,"Dale,Lake-town",,no
610,TA 2898,TA 2977,Male,Black (films),,Bard,Men,Dale,Unnamed wife,yes
611,FA 317,,Male,,,Baranor,Men,,Unnamed wife,no
612,FA 289,FA 380,Male,,,Baran,Men,Estolad,Unnamed wife,no
613,TA 2290,TA 2412,Male,,,Barahir (Steward),Men,Gondor,Unnamed wife,yes
615,FA 402,FA 460,Male,Possibly dark,,Barahir,Men,,Emeldir,no
616,FA 420,FA 460,Male,,,Baragund,Men,,Unnamed wife,yes
617,TA 2763,TA 2994,Male,White,,Balin,Dwarves,,,yes
620,TA 2925,TA 3007,Male,Brown (film),"1.76m / 5'9"" (film)",Bain,Men,Dale,Unnamed wife,yes
622,TA 2948,,Male,,,Porto Baggins,Hobbits,,,no
623,TA 2946,,Male,,,Ponto Baggins II,Hobbits,,Unnamed wife,no
625,TA 2816,TA 2911,Male,,,Ponto Baggins,Hobbits,,Mimosa Bunce,no
627,TA 2950,,Female,,,Peony (Baggins) Burrows,Hobbits,,Milo Burrows,no
630,TA 1144,TA 1349,Male,,,Malvegil,Men,Arthedain,Unnamed wife,no
632,TA 895,TA 1110,Male,,,Mallor,Men,"Arthedain,Arnor",Unnamed wife,yes
633,"Mid ,Third Age",Mid Third Age ,Male,"Dark, later grey ",,Malbeth the Seer,Men,,"Unknown, possible none",yes
636,FA 307,FA 398,Male,,,Malach,Men,,Meldis,yes
637,SA 377,,Female,,,Mairen,Men,,,no
638,UnknownYT,Still alive,Male,Brown with copperlike-red,,Mahtan,Elves,,Unnamed wife,no
639,F.A. 341,,Male,,,Magor,Men,,,no
640,"During the ,Noontide of Valinor",Fate unknown,Male,Dark,,Maglor,Elves,,Unnamed wife,yes
641,TA 2948,,Male,Brown,,Farmer Maggot,Hobbits,,Unnamed wife,no
642,FA 320,FA 510,Male,Black,Tall,Maeglin,Elves,,,no
643,"During the ,Noontide of Valinor",FA 587,Male,Dark red,Tall,Maedhros,Elves,,,yes
644,"Late ,Third Age",,Male,Dark,Tall,Mablung the Ranger,Men,,,no
645,,FA 502,Male,,,Mablung,Elves,,,no
647,"Late ,Third Age",TA 2994,Male,,,Lóni,Dwarves,,,yes
648,TA 2752,TA 2842,Male,,,Brytta Léofa,Men,Rohan,Unnamed wife,no
649,TA 2459,TA 2501,Male,,,Léod,Men,,Unnamed wife,yes
652,TA 2999,,Female,,,Lothíriel,Men,Rohan,omer,no
653,"Late ,First Age",Late First Age ,Male,,,Lorgan,Men,,,yes
654,"Late ,Second Age",Late Second Age ,Female,,,Lindórië,Men,,Unknown husband,yes
655,YT,,Male,,,Lindo,Elves,,Vairë,no
656,SA 551,,Female,,,Lindissë,Men,,,no
657,,"Possibly departed to ,Aman",Male,Brown (films),Tall,Lindir,Elves,,,no
659,YT,YT (possibly),Male,,,Lenwë,Elves,,Unnamed wife,no
660,,,Male,,,Legolas (elf of Gondolin),Elves,,,no
661,,"Still alive, departed to ,Aman ,FO 120",Male,"Uncertain (book), Blonde (films)",,Legolas,Elves,,,no
662,"Late ,First Age",,Male,,,Larnach,Men,,Unnamed wife,yes
664,FA 466,FA 469,Female,Blonde,,Lalaith,Men,,,no
666,March 253021,"Early ,Fourth Age",Female,Blonde or Golden,,Elanor Gardner,Hobbits,,Fastred of Greenholm,no
668,"Possibly late ,Third Age",,Male,Possibly blond,,Gamling,Men,,,no
669,"April 6 ,2980","Still alive, after going to the ,Undying Lands, in ,FO 61",Male,Blond (movie),"1.22m (4'0"")",Samwise Gamgee,Hobbits,,Rosie Cotton,no
672,TA 2976,,Female,,,May Gamgee,Hobbits,,,no
673,TA 2965,,Male,,,Hamson Gamgee,Hobbits,,,yes
675,TA 2969,,Male,,,Halfred Gamgee,Hobbits,,,no
676,FO 2,FO ,Male,,,Frodo Gardner,Hobbits,,Unnamed wife,no
677,TA 2972,FO 54,Female,,,Daisy Gamgee I,Hobbits,,,no
681,,,Male,,,Galion,Elves,,,yes
682,,,Male,,,Galdor of the Tree,Elves,,,no
683,,,Male,Golden (movie),6'3 (movie),Galdor of the Havens,Elves,,,no
684,FA 417,FA 462,Male,,Tall,Galdor,Men,,Hareth,yes
686,YT 1362,"Still alive: Departed over the sea on ,September 29 ,3021",Female,Golden,Tall,Galadriel,Elves,"Eregion,Lothlórien,Caras Galadhon",Celeborn,no
687,,,Male,,,Galathil,Elves,,Unnamed Wife,no
690,TA 1896,,Female,,,Fíriel,Men,Arthedain,Arvedui,no
691,TA 2859,November 23TA 2941,Male,Yellow,,Fíli and Kíli,Dwarves,,,no
692,YT 1169,YT 1497,Male,Raven,Tall,Fëanor,Elves,"Tirion,Formenos",Nerdanel,no
693,TA 2662,TA 2799,Male,,,Fundin,Dwarves,,Unnamed wife,yes
695,Second Age,,Male,,,Fuinur,Men,,,yes
696,TA 2552,TA 2589,Male,,,Frór,Dwarves,,,no
697,TA 2594,TA 2680,Male,,,Fréawine,Men,Rohan,,no
698,TA 2726,TA 2798,Male,,,Fréaláf Hildeson,Men,Rohan,Unnamed wife,no
699,TA 2570,TA 2659,Male,,,Fréa,Men,Rohan,Unnamed wife,yes
701,TA 1940,TA 2001,Male,,,Frumgar,Men,,Unnamed wife,no
702,TA 2751,TA 2799,Male,,,Frerin,Dwarves,,,yes
703,TA 2698,TA 2754,Male,Dark,,Freca,Men,,Unnamed wife,yes
704,TA 1967,"Unknown, sometime after ,TA 2000",Male,,,Fram,Men,,"Unknown, probably as he had descendants",yes
705,"Late ,First Age",Late First Age ,Male,Fair,,Forweg,Men,,"Unknown, probably none",yes
706,TA 2745,TA 2848,Male,,,Fortinbras Took I,Hobbits,,Unnamed wife,yes
707,"Mid ,Third Age",TA 1944,Male,,,Forthwini,Men,,"Unknown, but possible since he had descendants",yes
708,"Late ,Third Age",TA 3019,Male,,,Forlong,Men,,unknown,yes
709,TA 2830,TA 2903,Male,,,Folcwine,Men,Rohan,Unnamed wife,yes
710,TA 2858,TA 2885,Male,,,Folcred,Men,,,yes
711,TA 2804,TA 2864,Male,,,Folca,Men,,Unnamed wife,yes
712,"Late ,Third Age",TA 2994,Male,,,Flói,Dwarves,,,no
715,TA 2996,,Male,,,Minto Burrows,Hobbits,,,no
716,SR 1347,,Male,,,Milo Burrows,Hobbits,,Peony Baggins,yes
717,TA 1930,TA 2031,Male,,,Bucca of the Marish,Hobbits,,,yes
719,TA 2857,,Female,,,Sapphira (Brockhouse) Boffin,Hobbits,,Uffo Boffin,yes
720,"Mid ,First Age",Late First Age ,Male,,,Bregor,Men,,Unnamed wife,no
723,"Late ,First Age",FA 455,Male,,,Bregolas,Men,,Unnamed wife,no
724,TA 2512,TA 2570,Male,,,Brego,Men,Rohan,Unnamed wife,no
728,TA 2920,TA 2980,Female,,,Primula (Brandybuck) Baggins,Hobbits,,Drogo Baggins,no
729,TA 2860,TA 2960,Female,,,Mirabella (Took) Brandybuck,Hobbits,,Gorbadoc Brandybuck,no
730,TA 2948,,Male,,,Seredic Brandybuck,Hobbits,,Hilda Bracegirdle,yes
734,TA 2983,"Early-,Fourth Age",Female,Dark Brown,,Mentha Brandybuck,Hobbits,,,no
735,SR 1385,,Female,,,Melilot Brandybuck,Hobbits,,,no
740,TA 2985,"Before ,FO 63",Female,Dark Blonde,,Estella (Bolger) Brandybuck,Hobbits,,Meriadoc Brandybuck,no
741,TA 2954,,Female,,,Hilda Brandybuck,Hobbits,,Seredic Brandybuck,no
742,TA 2936,,Female,,,Esmeralda Brandybuck,Hobbits,,Saradoc Brandybuck,no
744,TA 2994,,Female,,,Celandine Brandybuck,Hobbits,,,yes
746,TA 2904,TA 2998,Female,,,Amaranth Brandybuck,Hobbits,,,no
747,TA 2818,,Female,,,Adaldrida (Bolger) Brandybuck,Hobbits,,Marmadoc Brandybuck,no
748,First Age,FA 499,,,,Brandir,Men,,,yes
749,TA 2957,"March 17 ,3019",Male,,,Brand,Men,"Dale,Laketown",Unnamed wife,no
750,TA 2865,,Female,,,Primrose Bracegirdle,Hobbits,,Blanco Bracegirdle,no
751,TA 2913,TA 3010,Male,,,Bruno Bracegirdle,Hobbits,,Unnamed wife,no
752,TA 2865,,Male,,,Blanco Bracegirdle,Hobbits,,Primrose Boffin,yes
753,"Late ,First Age",FA 473,Male,,,Borthand,Men,,,yes
754,"Late ,Third Age","April 15 ,2510",Male,,,Borondir,Men,,,yes
755,First Age,First Age ,Male,,,Boron,Men,,Unnamed wife,no
756,TA 2410,TA 2489,Male,,,Boromir (Steward),Men,,Unnamed wife,yes
757,FA 338,FA 432,Male,,,Boromir (House of Bëor),Men,,Unnamed wife,yes
761,TA 2990,FO 65,Male,Almost golden,"1.34m (4'5"")",Peregrin Took,Hobbits,,Diamond of Long Cleeve,no
762,TA 2975,"before ,FO 63",Female,,,Pearl Took,Hobbits,,,no
763,TA 2933,FO 13,Male,,,Paladin Took II,Hobbits,,Eglantine Banks,no
765,TA 2847,"TA 2946, (SR 1346",Male,,,Isembard Took,Hobbits,,,no
766,SR 1240,SR 1341,Male,,,Hildigrim Took,Hobbits,,Rosa Baggins,no
767,TA 2844,,Male,,,Hildifons Took,Hobbits,,,no
768,TA 2849,TA 2934,Male,,,Hildibrand Took,Hobbits,,,yes
769,TA 2790,TA 2920,Male,,,Gerontius Took,Hobbits,,Adamanta Chubb,no
772,TA 2916,TA 3015,Male,,,Ferumbras III Took,Hobbits,,,no
773,TA 2928,FO 2,Male,,,Adelard Took,Hobbits,,Unnamed wife,no
774,TA 2817,TA 2923,Female,,,Adamanta (Chubb) Took,Hobbits,,"Gerontius ""The Old"" Took",no
776,TA 2880,TA 2982,Male,,,Adalgrim Took,Hobbits,,Unnamed wife,no
779,TA 2666,TA 2759,Male,,,Isumbras Took III,Hobbits,,Unnamed wife,no
780,TA 2620,TA 2722,Male,,,Isengrim Took II,Hobbits,,Unnamed wife,no
781,TA 2878,TA 2980,Male,,,Fortinbras Took II,Hobbits,,Lalia Clayhanger,no
783,TA 2295,TA 2398,Male,,,Isumbras Took I,Hobbits,,,no
784,FO 10,FO 112,Male,,,Faramir Took I,Hobbits,,Goldilocks Gardner,no
786,"After ,SA 61","Early ,Second Age",Female,,,Tindómiel,Men,,,yes
790,TA 2978,"February 25 ,3019",Male,,,Théodred,Men,,,no
791,"TA 2948 ,Gondor","March 15 ,3019",Male,White with braids (book) Blonde (films),Tall,Théoden,Men,,Elfhild,no
793,TA 2542,TA 2790,Male,Grey-white,,Thrór,Dwarves,"Grey Mountains,Lonely Mountain",Unnamed wife,yes
794,TA 2644,TA 2850,Male,,,Thráin II,Dwarves,Lonely Mountain,Unnamed wife,yes
795,First Age,"Presumably departed to ,Aman",Male,Golden,Tall,Thranduil,Elves,"Woodland Realm,Mirkwood",Unnamed wife,no
797,TA 1934,TA 2190,Male,,,Thráin I,Dwarves,Khazad-dûm,Unnamed wife,yes
798,TA 2782,TA 2882,Male,,,Thorondir,Men,,Unnamed wife,no
799,TA 2866,"FO 137,(aged 280)",Male,,,Thorin III Stonehelm,Dwarves,"Lonely Mountain,Iron Hills",,no
800,TA 2746,"November 23, TA 2941",Male,,,Thorin II Oakenshield,Dwarves,Ered Luin,,yes
801,TA 2035,TA 2289,Male,,,Thorin I,Dwarves,"Lonely Mountain,Grey Mountains",Unnamed wife,no
802,YT 1050,FA 502,Male,Silver,"Tallest of the Elven-folk, 8'2""",Thingol,Elves,Doriath,Melian,yes
803,TA 2905,TA 2980,Male,,,Thengel,Men,Rohan,Morwen Steelsheen,yes
805,TA 1516,TA 1636,Male,,,Telemnar,Men,Gondor,Unnamed wife,yes
806,First Age,First Age,Male,,,Telchar,Dwarves,,,no
807,"Unknown, awakened in the ,Years of the Trees",,Female,,,Tatië,Elves,,Tata,yes
808,TA 1632,TA 1850,Male,,,Telumehtar,Men,Gondor,Unnamed wife,yes
809,"Unknown, awakened in the ,Years of the Trees",,Male,,,Tata,Elves,,Tatië,no
810,TA 372,TA 602,Male,,,Tarondor of Arnor,Men,Arnor,Unnamed wife,yes
811,"Late ,Third Age",,Male,,,Targon,Men,,,no
813,TA 2860,TA 2950,Male,,,Longo Baggins,Hobbits,,Camellia (Sackville) Baggins,no
814,TA 2814,TA 2916,Female,,,Laura (Grubb) Baggins,Hobbits,,Mungo Baggins,no
815,TA 1577,TA 1798,Male,,,Tarondor,Men,Gondor,Unnamed wife,yes
816,"After ,TA 654","Before ,TA 913",Male,,,Tarciryan,Men,,Unnamed wife,yes
817,TA 2807,TA 2900,Male,,,Mungo Baggins,Hobbits,,Laura Grubb,no
820,TA 2864,TA 2960,male,,,Fosco Baggins,Hobbits,,Ruby Bolger,yes
821,TA 2911,TA 3009,Male,,,Dudo Baggins,Hobbits,,Unnamed wife,no
822,TA 2908,TA 2980,Male,,,Drogo Baggins,Hobbits,,Primula Brandybuck,yes
827,TA 2772,TA 2871,Female,,,Berylla (Boffin) Baggins,Hobbits,,Balbo Baggins,no
828,TA 2852,TA 2934,Female,Black,,Belladonna (Took) Baggins,Hobbits,,Bungo Baggins,no
829,TA 2767,TA 2858,Male,,,Balbo Baggins,Hobbits,,Berylla (Boffin) Baggins,no
832,FA 214,FA 473,Male,,,Azaghâl,Dwarves,,,no
833,SA 395,,Male,,,Axantur,Men,,Unnamed wife,yes
835,SA 213,"Early ,Second Age",Male,,,Aulendil (Vardamir's son),Men,,Unnamed wife,no
836,TA 977,TA 1226,Male,,,Atanatar II,Men,Gondor,Unnamed wife,yes
837,TA 480,TA 748,Male,,,Atanatar I,Men,Gondor,Unnamed wife,yes
838,"After ,SA 61","Early ,Second Age",Male,,,Atanalcar,Men,,Possible unnamed wife,no
841,TA 1633,TA 1813,Male,,,Arveleg II,Men,"Arthedain,Arnor",Unnamed wife,no
842,TA 1309,TA 1409,Male,,,Arveleg I,Men,"Arnor,Arthedain",Unnamed wife,yes
843,TA 1553,TA 1743,Male,,,Arvegil,Men,"Arthedain,Arnor",Unnamed wife,yes
844,TA 1864,TA 1975,Male,,,Arvedui,Men,Arthedain,Fíriel,yes
845,"Late ,First Age",FA 460,Male,,,Arthad,Men,,,yes
847,,,Male,,,Arminas,Elves,,,yes
849,TA 2757,TA 2912,Male,,,Argonui,Men,,Unnamed wife,no
850,Years of the Trees,"YT 1500, or ,FA 1 ,Battle of the Lammoth",Male,Possibly dark,Tall,Argon,Elves,,,no
851,TA 1473,TA 1670,Male,,,Argeleb II,Men,Arthedain,Unnamed wife,no
852,TA 1226,TA 1356,Male,,,Argeleb I,Men,"Arthedain,Arnor",Unnamed wife,no
853,YT 1362,FA 400,Female,Dark,Tall,Aredhel,Elves,,Eöl,no
854,SA 562,,Male,,,Ardamir (son of Axantur),Men,,,yes
855,"After ,TA 1684",,Male,,,Arciryas,Men,,Unnamed wife,no
856,TA 2497,TA 2654,Male,,,Aravorn,Men,,Unnamed wife,yes
857,TA 2156,TA 2319,Male,,,Aravir,Men,,Unnamed wife,yes
858,TA 1711,TA 1891,Male,,,Araval,Men,"Arthedain,Arnor",Unnamed wife,yes
859,TA 2873,TA 2933,Male,Dark (film),,Arathorn II,Men,,Gilraen,no
860,TA 2693,TA 2848,Male,,,Arathorn I,Men,,Unnamed wife,yes
861,SA 3339,,Male,,,Aratan,Men,TA 2,"Unknown, possibly known",yes
862,TA 2628,TA 2784,Male,,,Arassuil,Men,,Unnamed wife,no
863,TA 1391,TA 1589,Male,,,Araphor,Men,Arthedain,Unnamed wife,yes
864,TA 185,TA 435,Male,,,Arantar,Men,Arnor,Unnamed wife,no
865,TA 1789,TA 1964,Male,,,Araphant,Men,Arthedain,Unnamed wife,no
866,,,Male,,,Aranwë,Elves,,Unnamed wife,no
867,TA 2084,TA 2247,Male,,,Aranuir,Men,,Unnamed wife,no
868,TA 1938,TA 2106,Male,,,Aranarth,Men,,Unnamed wife,yes
869,TA 2012,TA 2177,Male,,,Arahael,Men,,Unnamed wife,no
870,TA 2563,TA 2719,Male,,,Arahad II,Men,,Unnamed wife,yes
871,TA 2365,TA 2523,Male,,,Arahad I,Men,,Unnamed wife,no
872,TA 2431,TA 2588,Male,,,Aragost,Men,,Unnamed wife,no
873,"March 1 ,2931",FO 120,Male,Dark,"198cm (6'6"")",Aragorn II Elessar,Men,"Reunited Kingdom,Arnor,Gondor",Arwen,yes
874,TA 2227,TA 2327,Male,,,Aragorn I,Men,,Unnamed wife,yes
875,TA 2296,TA 2455,Male,,,Araglas,Men,,Unnamed wife,no
876,TA 2820,TA 2930,Male,"Dark, then grey (film)",,Arador,Men,,Unnamed wife,no
877,SA 2798,SA 3033,Male,,,Ar-Zimrathôn,Men,Númenor,Unnamed wife,yes
878,"Mid-,Third Age",,Male,,,Angamaitë,Men,,,no
879,FA 440,FA 489,Male,,,Andróg,Men,,Unnamed wife,no
880,FA 361,FA 455,Female,Dark brown,,Andreth,Men,,"Loved ,Aegnor, but they never married",no
882,"Late ,Third Age",,Male,Dark,,Anborn,Men,,,no
883,TA 136,TA 411,Male,,,Anardil,Men,Gondor,Unnamed wife,no
884,YT,,Female,,,Anairë,Elves,,Fingolfin,no
885,TA 2994,,Male,,,Amrothos,Men,,,yes
887,,TA 1981,Male,Golden,,Amroth,Elves,Lórien,Nimrodel,no
888,Years of the Trees,"YT 1497 ,Losgar",Male,Dark red,,Amrod,Elves,,,no
890,TA 726,TA 946,Male,,,Amlaith,Men,Arthedain,Unnamed wife,yes
892,"Sometime during ,Years of the Trees, or the ,First Age",SA 3434,Male,,,Amdír,Elves,Lórien,Unnamed wife,no
893,YT,Still alive,Female,,,Amarië,Elves,,"Loved ,Finrod, but it is unknown whether they married",yes
894,"Late ,Second Age",Sailed West either SA 3310 fate unknown,Male,,,Amandil,Men,,Unnamed wife,no
895,TA 3017,FO 95,Male,,,Alphros,Men,,,no
896,"Between ,SA 700, and ,SA 750","Early ,Second Age",Female,,,Almiel,Men,,,yes
897,"Between ,SA 700, and ,SA 750","Early ,Second Age",Female,,,Ailinel,Men,,Orchaldor,yes
898,,,Female,,,Almarian,Men,Númenor,Tar-Meneldur,no
899,"Late ,First Age",FA 489,Male,,,Algund,Men,,None known,yes
900,TA 2544,TA 2645,Male,,,Aldor,Men,Rohan,Unnamed wife,no
901,TA 1330,TA 1540,Male,,,Aldamir,Men,Gondor,Unnamed wife,yes
903,TA 2827,TA 2932,Male,,,Aglahad,Men,,Unnamed wife,yes
906,"Mid ,First Age",FA 495,Female,,,Aerin,Men,,Brodda,no
908,"YT during the ,Noontide of Valinor",FA 455,Male,Golden,,Aegnor,Elves,,"Loved ,Andreth but remained unmarried",yes
909,TA 2917,TA 3010,Male,,,Adrahil II,Men,,Unnamed wife,yes
910,"Before ,TA 1944","Late ,Third Age",Male,,,Adrahil I,Men,,,yes
